21-Sep-2026 01:18:43.571 INFO [main] org.apache.catalina.startup.VersionLoggerListener.log Server version name:   Apache Tomcat/10.1.59
21-Sep-2026 01:18:43.585 INFO [main] org.apache.catalina.startup.VersionLoggerListener.log Server built:          Aug 13 2026 16:59:10 UTC
21-Sep-2026 01:18:43.585 INFO [main] org.apache.catalina.startup.VersionLoggerListener.log Server version number: 10.1.59.0
21-Sep-2026 01:18:43.585 INFO [main] org.apache.catalina.startup.VersionLoggerListener.log OS Name:               Windows 10
21-Sep-2026 01:18:43.586 INFO [main] org.apache.catalina.startup.VersionLoggerListener.log OS Version:            10.0
21-Sep-2026 01:18:43.586 INFO [main] org.apache.catalina.startup.VersionLoggerListener.log Architecture:          amd64
21-Sep-2026 01:18:43.586 INFO [main] org.apache.catalina.startup.VersionLoggerListener.log Java Home:             C:\Program Files\Java\jdk-17
21-Sep-2026 01:18:43.586 INFO [main] org.apache.catalina.startup.VersionLoggerListener.log JVM Version:           17.0.16+12-LTS-247
21-Sep-2026 01:18:43.586 INFO [main] org.apache.catalina.startup.VersionLoggerListener.log JVM Vendor:            Oracle Corporation
21-Sep-2026 01:18:43.586 INFO [main] org.apache.catalina.startup.VersionLoggerListener.log CATALINA_BASE:         D:\NtiJavaTech\springMVC\mvcAnnottation
21-Sep-2026 01:18:43.587 INFO [main] org.apache.catalina.startup.VersionLoggerListener.log CATALINA_HOME:         C:\Users\gamaleldeen\OneDrive\Documents\apache-tomcat-10.1.59
21-Sep-2026 01:18:43.611 INFO [main] org.apache.catalina.startup.VersionLoggerListener.log Command line argument: --add-opens=java.base/java.lang=ALL-UNNAMED
21-Sep-2026 01:18:43.613 INFO [main] org.apache.catalina.startup.VersionLoggerListener.log Command line argument: --add-opens=java.base/java.io=ALL-UNNAMED
21-Sep-2026 01:18:43.613 INFO [main] org.apache.catalina.startup.VersionLoggerListener.log Command line argument: --add-opens=java.base/java.util=ALL-UNNAMED
21-Sep-2026 01:18:43.614 INFO [main] org.apache.catalina.startup.VersionLoggerListener.log Command line argument: --add-opens=java.base/java.util.concurrent=ALL-UNNAMED
21-Sep-2026 01:18:43.614 INFO [main] org.apache.catalina.startup.VersionLoggerListener.log Command line argument: --add-opens=java.rmi/sun.rmi.transport=ALL-UNNAMED
21-Sep-2026 01:18:43.614 INFO [main] org.apache.catalina.startup.VersionLoggerListener.log Command line argument: -Dcatalina.home=C:\Users\gamaleldeen\OneDrive\Documents\apache-tomcat-10.1.59
21-Sep-2026 01:18:43.615 INFO [main] org.apache.catalina.startup.VersionLoggerListener.log Command line argument: -Dcatalina.base=D:\NtiJavaTech\springMVC\mvcAnnottation
21-Sep-2026 01:18:43.615 INFO [main] org.apache.catalina.startup.VersionLoggerListener.log Command line argument: -Djava.io.tmpdir=D:\NtiJavaTech\springMVC\mvcAnnottation\temp
21-Sep-2026 01:18:43.616 INFO [main] org.apache.catalina.startup.VersionLoggerListener.log Command line argument: -Djava.util.logging.config.file=D:\NtiJavaTech\springMVC\mvcAnnottation\conf\logging.properties
21-Sep-2026 01:18:43.616 INFO [main] org.apache.catalina.startup.VersionLoggerListener.log Command line argument: -Djava.util.logging.manager=org.apache.juli.ClassLoaderLogManager
21-Sep-2026 01:18:43.616 INFO [main] org.apache.catalina.startup.VersionLoggerListener.log Command line argument: -javaagent:C:\Program Files\JetBrains\IntelliJ IDEA Community Edition 2025.1.3\lib\idea_rt.jar=12560
21-Sep-2026 01:18:43.616 INFO [main] org.apache.catalina.startup.VersionLoggerListener.log Command line argument: -Dfile.encoding=UTF-8
21-Sep-2026 01:18:43.622 INFO [main] org.apache.catalina.core.AprLifecycleListener.lifecycleEvent Loaded Apache Tomcat Native library [2.0.15] using APR version [1.7.6].
21-Sep-2026 01:18:43.631 INFO [main] org.apache.catalina.core.AprLifecycleListener.initializeSSL OpenSSL successfully initialized [OpenSSL 3.5.7 9 Jun 2026]
21-Sep-2026 01:18:44.112 INFO [main] org.apache.coyote.AbstractProtocol.init Initializing ProtocolHandler ["http-nio-8080"]
21-Sep-2026 01:18:44.143 INFO [main] org.apache.catalina.startup.Catalina.load Server initialization in [930] milliseconds
21-Sep-2026 01:18:44.292 INFO [main] org.apache.catalina.core.StandardService.startInternal Starting service [Catalina]
21-Sep-2026 01:18:44.292 INFO [main] org.apache.catalina.core.StandardEngine.startInternal Starting Servlet engine: [Apache Tomcat/10.1.59]
21-Sep-2026 01:18:44.312 INFO [main] org.apache.catalina.startup.HostConfig.deployDescriptor Deploying deployment descriptor [D:\NtiJavaTech\springMVC\mvcAnnottation\conf\Catalina\localhost\mvcAnnottation.xml]
21-Sep-2026 01:18:48.279 INFO [main] org.apache.jasper.servlet.TldScanner.scanJars At least one JAR was scanned for TLDs yet contained no TLDs. Enable debug logging for this logger for a complete list of JARs that were scanned but no TLDs were found in them. Skipping unneeded JARs during scanning can improve startup time and JSP compilation time.
21-Sep-2026 01:18:49.228 INFO [main] org.apache.catalina.startup.HostConfig.deployDescriptor Deployment of deployment descriptor [D:\NtiJavaTech\springMVC\mvcAnnottation\conf\Catalina\localhost\mvcAnnottation.xml] has finished in [4,915] ms
21-Sep-2026 01:18:49.235 INFO [main] org.apache.coyote.AbstractProtocol.start Starting ProtocolHandler ["http-nio-8080"]
21-Sep-2026 01:18:49.286 INFO [main] org.apache.catalina.startup.Catalina.start Server startup in [5142] milliseconds
21-Sep-2026 01:21:59.714 INFO [Catalina-utility-1] org.apache.catalina.startup.HostConfig.reload Reloading context [/mvcAnnottation]
21-Sep-2026 01:21:59.715 INFO [Catalina-utility-1] org.apache.catalina.core.StandardContext.reload Reloading Context with name [/mvcAnnottation] has started
21-Sep-2026 01:22:04.109 INFO [Catalina-utility-1] org.apache.jasper.servlet.TldScanner.scanJars At least one JAR was scanned for TLDs yet contained no TLDs. Enable debug logging for this logger for a complete list of JARs that were scanned but no TLDs were found in them. Skipping unneeded JARs during scanning can improve startup time and JSP compilation time.
21-Sep-2026 01:22:08.511 INFO [Catalina-utility-1] org.apache.catalina.core.StandardContext.reload Reloading Context with name [/mvcAnnottation] is completed
21-Sep-2026 01:22:43.145 INFO [Thread-1] org.apache.coyote.AbstractProtocol.pause Pausing ProtocolHandler ["http-nio-8080"]
21-Sep-2026 01:22:43.172 INFO [Thread-1] org.apache.catalina.core.StandardService.stopInternal Stopping service [Catalina]
21-Sep-2026 01:22:43.196 INFO [Thread-1] org.apache.coyote.AbstractProtocol.stop Stopping ProtocolHandler ["http-nio-8080"]
21-Sep-2026 01:22:43.208 INFO [Thread-1] org.apache.coyote.AbstractProtocol.destroy Destroying ProtocolHandler ["http-nio-8080"]
21-Sep-2026 01:23:31.821 INFO [main] org.apache.catalina.startup.VersionLoggerListener.log Server version name:   Apache Tomcat/10.1.59
21-Sep-2026 01:23:31.828 INFO [main] org.apache.catalina.startup.VersionLoggerListener.log Server built:          Aug 13 2026 16:59:10 UTC
21-Sep-2026 01:23:31.828 INFO [main] org.apache.catalina.startup.VersionLoggerListener.log Server version number: 10.1.59.0
21-Sep-2026 01:23:31.829 INFO [main] org.apache.catalina.startup.VersionLoggerListener.log OS Name:               Windows 10
21-Sep-2026 01:23:31.829 INFO [main] org.apache.catalina.startup.VersionLoggerListener.log OS Version:            10.0
21-Sep-2026 01:23:31.830 INFO [main] org.apache.catalina.startup.VersionLoggerListener.log Architecture:          amd64
21-Sep-2026 01:23:31.831 INFO [main] org.apache.catalina.startup.VersionLoggerListener.log Java Home:             C:\Program Files\Java\jdk-17
21-Sep-2026 01:23:31.832 INFO [main] org.apache.catalina.startup.VersionLoggerListener.log JVM Version:           17.0.16+12-LTS-247
21-Sep-2026 01:23:31.832 INFO [main] org.apache.catalina.startup.VersionLoggerListener.log JVM Vendor:            Oracle Corporation
21-Sep-2026 01:23:31.832 INFO [main] org.apache.catalina.startup.VersionLoggerListener.log CATALINA_BASE:         D:\NtiJavaTech\springMVC\mvcAnnottation
21-Sep-2026 01:23:31.832 INFO [main] org.apache.catalina.startup.VersionLoggerListener.log CATALINA_HOME:         C:\Users\gamaleldeen\OneDrive\Documents\apache-tomcat-10.1.59
21-Sep-2026 01:23:31.846 INFO [main] org.apache.catalina.startup.VersionLoggerListener.log Command line argument: --add-opens=java.base/java.lang=ALL-UNNAMED
21-Sep-2026 01:23:31.846 INFO [main] org.apache.catalina.startup.VersionLoggerListener.log Command line argument: --add-opens=java.base/java.io=ALL-UNNAMED
21-Sep-2026 01:23:31.846 INFO [main] org.apache.catalina.startup.VersionLoggerListener.log Command line argument: --add-opens=java.base/java.util=ALL-UNNAMED
21-Sep-2026 01:23:31.847 INFO [main] org.apache.catalina.startup.VersionLoggerListener.log Command line argument: --add-opens=java.base/java.util.concurrent=ALL-UNNAMED
21-Sep-2026 01:23:31.847 INFO [main] org.apache.catalina.startup.VersionLoggerListener.log Command line argument: --add-opens=java.rmi/sun.rmi.transport=ALL-UNNAMED
21-Sep-2026 01:23:31.847 INFO [main] org.apache.catalina.startup.VersionLoggerListener.log Command line argument: -Dcatalina.home=C:\Users\gamaleldeen\OneDrive\Documents\apache-tomcat-10.1.59
21-Sep-2026 01:23:31.847 INFO [main] org.apache.catalina.startup.VersionLoggerListener.log Command line argument: -Dcatalina.base=D:\NtiJavaTech\springMVC\mvcAnnottation
21-Sep-2026 01:23:31.847 INFO [main] org.apache.catalina.startup.VersionLoggerListener.log Command line argument: -Djava.io.tmpdir=D:\NtiJavaTech\springMVC\mvcAnnottation\temp
21-Sep-2026 01:23:31.847 INFO [main] org.apache.catalina.startup.VersionLoggerListener.log Command line argument: -Djava.util.logging.config.file=D:\NtiJavaTech\springMVC\mvcAnnottation\conf\logging.properties
21-Sep-2026 01:23:31.848 INFO [main] org.apache.catalina.startup.VersionLoggerListener.log Command line argument: -Djava.util.logging.manager=org.apache.juli.ClassLoaderLogManager
21-Sep-2026 01:23:31.848 INFO [main] org.apache.catalina.startup.VersionLoggerListener.log Command line argument: -javaagent:C:\Program Files\JetBrains\IntelliJ IDEA Community Edition 2025.1.3\lib\idea_rt.jar=12586
21-Sep-2026 01:23:31.848 INFO [main] org.apache.catalina.startup.VersionLoggerListener.log Command line argument: -Dfile.encoding=UTF-8
21-Sep-2026 01:23:31.854 INFO [main] org.apache.catalina.core.AprLifecycleListener.lifecycleEvent Loaded Apache Tomcat Native library [2.0.15] using APR version [1.7.6].
21-Sep-2026 01:23:31.862 INFO [main] org.apache.catalina.core.AprLifecycleListener.initializeSSL OpenSSL successfully initialized [OpenSSL 3.5.7 9 Jun 2026]
21-Sep-2026 01:23:32.324 INFO [main] org.apache.coyote.AbstractProtocol.init Initializing ProtocolHandler ["http-nio-8080"]
21-Sep-2026 01:23:32.354 INFO [main] org.apache.catalina.startup.Catalina.load Server initialization in [900] milliseconds
21-Sep-2026 01:23:32.429 INFO [main] org.apache.catalina.core.StandardService.startInternal Starting service [Catalina]
21-Sep-2026 01:23:32.429 INFO [main] org.apache.catalina.core.StandardEngine.startInternal Starting Servlet engine: [Apache Tomcat/10.1.59]
21-Sep-2026 01:23:32.449 INFO [main] org.apache.catalina.startup.HostConfig.deployDescriptor Deploying deployment descriptor [D:\NtiJavaTech\springMVC\mvcAnnottation\conf\Catalina\localhost\mvcAnnottation.xml]
21-Sep-2026 01:23:36.076 INFO [main] org.apache.jasper.servlet.TldScanner.scanJars At least one JAR was scanned for TLDs yet contained no TLDs. Enable debug logging for this logger for a complete list of JARs that were scanned but no TLDs were found in them. Skipping unneeded JARs during scanning can improve startup time and JSP compilation time.
21-Sep-2026 01:23:39.663 INFO [main] org.apache.catalina.startup.HostConfig.deployDescriptor Deployment of deployment descriptor [D:\NtiJavaTech\springMVC\mvcAnnottation\conf\Catalina\localhost\mvcAnnottation.xml] has finished in [7,213] ms
21-Sep-2026 01:23:39.668 INFO [main] org.apache.coyote.AbstractProtocol.start Starting ProtocolHandler ["http-nio-8080"]
21-Sep-2026 01:23:39.710 INFO [main] org.apache.catalina.startup.Catalina.start Server startup in [7355] milliseconds
21-Sep-2026 01:28:06.611 INFO [Thread-1] org.apache.coyote.AbstractProtocol.pause Pausing ProtocolHandler ["http-nio-8080"]
21-Sep-2026 01:28:06.665 INFO [Thread-1] org.apache.catalina.core.StandardService.stopInternal Stopping service [Catalina]
21-Sep-2026 01:28:07.022 INFO [Thread-1] org.apache.coyote.AbstractProtocol.stop Stopping ProtocolHandler ["http-nio-8080"]
21-Sep-2026 01:28:07.041 INFO [Thread-1] org.apache.coyote.AbstractProtocol.destroy Destroying ProtocolHandler ["http-nio-8080"]
21-Sep-2026 01:40:25.279 INFO [main] org.apache.catalina.startup.VersionLoggerListener.log Server version name:   Apache Tomcat/10.1.59
21-Sep-2026 01:40:25.295 INFO [main] org.apache.catalina.startup.VersionLoggerListener.log Server built:          Aug 13 2026 16:59:10 UTC
21-Sep-2026 01:40:25.296 INFO [main] org.apache.catalina.startup.VersionLoggerListener.log Server version number: 10.1.59.0
21-Sep-2026 01:40:25.296 INFO [main] org.apache.catalina.startup.VersionLoggerListener.log OS Name:               Windows 10
21-Sep-2026 01:40:25.296 INFO [main] org.apache.catalina.startup.VersionLoggerListener.log OS Version:            10.0
21-Sep-2026 01:40:25.297 INFO [main] org.apache.catalina.startup.VersionLoggerListener.log Architecture:          amd64
21-Sep-2026 01:40:25.298 INFO [main] org.apache.catalina.startup.VersionLoggerListener.log Java Home:             C:\Program Files\Java\jdk-17
21-Sep-2026 01:40:25.298 INFO [main] org.apache.catalina.startup.VersionLoggerListener.log JVM Version:           17.0.16+12-LTS-247
21-Sep-2026 01:40:25.299 INFO [main] org.apache.catalina.startup.VersionLoggerListener.log JVM Vendor:            Oracle Corporation
21-Sep-2026 01:40:25.299 INFO [main] org.apache.catalina.startup.VersionLoggerListener.log CATALINA_BASE:         D:\NtiJavaTech\springMVC\mvcAnnottation
21-Sep-2026 01:40:25.300 INFO [main] org.apache.catalina.startup.VersionLoggerListener.log CATALINA_HOME:         C:\Users\gamaleldeen\OneDrive\Documents\apache-tomcat-10.1.59
21-Sep-2026 01:40:25.342 INFO [main] org.apache.catalina.startup.VersionLoggerListener.log Command line argument: --add-opens=java.base/java.lang=ALL-UNNAMED
21-Sep-2026 01:40:25.343 INFO [main] org.apache.catalina.startup.VersionLoggerListener.log Command line argument: --add-opens=java.base/java.io=ALL-UNNAMED
21-Sep-2026 01:40:25.343 INFO [main] org.apache.catalina.startup.VersionLoggerListener.log Command line argument: --add-opens=java.base/java.util=ALL-UNNAMED
21-Sep-2026 01:40:25.343 INFO [main] org.apache.catalina.startup.VersionLoggerListener.log Command line argument: --add-opens=java.base/java.util.concurrent=ALL-UNNAMED
21-Sep-2026 01:40:25.343 INFO [main] org.apache.catalina.startup.VersionLoggerListener.log Command line argument: --add-opens=java.rmi/sun.rmi.transport=ALL-UNNAMED
21-Sep-2026 01:40:25.344 INFO [main] org.apache.catalina.startup.VersionLoggerListener.log Command line argument: -Dcatalina.home=C:\Users\gamaleldeen\OneDrive\Documents\apache-tomcat-10.1.59
21-Sep-2026 01:40:25.345 INFO [main] org.apache.catalina.startup.VersionLoggerListener.log Command line argument: -Dcatalina.base=D:\NtiJavaTech\springMVC\mvcAnnottation
21-Sep-2026 01:40:25.345 INFO [main] org.apache.catalina.startup.VersionLoggerListener.log Command line argument: -Djava.io.tmpdir=D:\NtiJavaTech\springMVC\mvcAnnottation\temp
21-Sep-2026 01:40:25.347 INFO [main] org.apache.catalina.startup.VersionLoggerListener.log Command line argument: -Djava.util.logging.config.file=D:\NtiJavaTech\springMVC\mvcAnnottation\conf\logging.properties
21-Sep-2026 01:40:25.348 INFO [main] org.apache.catalina.startup.VersionLoggerListener.log Command line argument: -Djava.util.logging.manager=org.apache.juli.ClassLoaderLogManager
21-Sep-2026 01:40:25.350 INFO [main] org.apache.catalina.startup.VersionLoggerListener.log Command line argument: -javaagent:C:\Program Files\JetBrains\IntelliJ IDEA Community Edition 2025.1.3\lib\idea_rt.jar=2222
21-Sep-2026 01:40:25.351 INFO [main] org.apache.catalina.startup.VersionLoggerListener.log Command line argument: -Dfile.encoding=UTF-8
21-Sep-2026 01:40:25.370 INFO [main] org.apache.catalina.core.AprLifecycleListener.lifecycleEvent Loaded Apache Tomcat Native library [2.0.15] using APR version [1.7.6].
21-Sep-2026 01:40:25.421 INFO [main] org.apache.catalina.core.AprLifecycleListener.initializeSSL OpenSSL successfully initialized [OpenSSL 3.5.7 9 Jun 2026]
21-Sep-2026 01:40:25.915 INFO [main] org.apache.coyote.AbstractProtocol.init Initializing ProtocolHandler ["http-nio-8080"]
21-Sep-2026 01:40:25.945 INFO [main] org.apache.catalina.startup.Catalina.load Server initialization in [1126] milliseconds
21-Sep-2026 01:40:26.034 INFO [main] org.apache.catalina.core.StandardService.startInternal Starting service [Catalina]
21-Sep-2026 01:40:26.035 INFO [main] org.apache.catalina.core.StandardEngine.startInternal Starting Servlet engine: [Apache Tomcat/10.1.59]
21-Sep-2026 01:40:26.060 INFO [main] org.apache.catalina.startup.HostConfig.deployDescriptor Deploying deployment descriptor [D:\NtiJavaTech\springMVC\mvcAnnottation\conf\Catalina\localhost\mvcAnnottation.xml]
21-Sep-2026 01:40:31.488 INFO [main] org.apache.jasper.servlet.TldScanner.scanJars At least one JAR was scanned for TLDs yet contained no TLDs. Enable debug logging for this logger for a complete list of JARs that were scanned but no TLDs were found in them. Skipping unneeded JARs during scanning can improve startup time and JSP compilation time.
21-Sep-2026 01:40:32.169 WARNING [main] org.apache.catalina.util.SessionIdGeneratorBase.createSecureRandom Creation of SecureRandom instance for session ID generation using [SHA1PRNG] took [223] milliseconds.
21-Sep-2026 01:40:36.790 INFO [main] org.apache.catalina.startup.HostConfig.deployDescriptor Deployment of deployment descriptor [D:\NtiJavaTech\springMVC\mvcAnnottation\conf\Catalina\localhost\mvcAnnottation.xml] has finished in [10,729] ms
21-Sep-2026 01:40:36.798 INFO [main] org.apache.coyote.AbstractProtocol.start Starting ProtocolHandler ["http-nio-8080"]
21-Sep-2026 01:40:36.976 INFO [main] org.apache.catalina.startup.Catalina.start Server startup in [11030] milliseconds
21-Sep-2026 01:41:36.545 INFO [Thread-1] org.apache.coyote.AbstractProtocol.pause Pausing ProtocolHandler ["http-nio-8080"]
21-Sep-2026 01:41:36.567 INFO [Thread-1] org.apache.catalina.core.StandardService.stopInternal Stopping service [Catalina]
21-Sep-2026 01:41:36.629 INFO [Thread-1] org.apache.coyote.AbstractProtocol.stop Stopping ProtocolHandler ["http-nio-8080"]
21-Sep-2026 01:41:36.633 INFO [Thread-1] org.apache.coyote.AbstractProtocol.destroy Destroying ProtocolHandler ["http-nio-8080"]
21-Sep-2026 01:41:52.379 INFO [main] org.apache.catalina.startup.VersionLoggerListener.log Server version name:   Apache Tomcat/10.1.59
21-Sep-2026 01:41:52.388 INFO [main] org.apache.catalina.startup.VersionLoggerListener.log Server built:          Aug 13 2026 16:59:10 UTC
21-Sep-2026 01:41:52.388 INFO [main] org.apache.catalina.startup.VersionLoggerListener.log Server version number: 10.1.59.0
21-Sep-2026 01:41:52.389 INFO [main] org.apache.catalina.startup.VersionLoggerListener.log OS Name:               Windows 10
21-Sep-2026 01:41:52.389 INFO [main] org.apache.catalina.startup.VersionLoggerListener.log OS Version:            10.0
21-Sep-2026 01:41:52.389 INFO [main] org.apache.catalina.startup.VersionLoggerListener.log Architecture:          amd64
21-Sep-2026 01:41:52.389 INFO [main] org.apache.catalina.startup.VersionLoggerListener.log Java Home:             C:\Program Files\Java\jdk-17
21-Sep-2026 01:41:52.389 INFO [main] org.apache.catalina.startup.VersionLoggerListener.log JVM Version:           17.0.16+12-LTS-247
21-Sep-2026 01:41:52.389 INFO [main] org.apache.catalina.startup.VersionLoggerListener.log JVM Vendor:            Oracle Corporation
21-Sep-2026 01:41:52.389 INFO [main] org.apache.catalina.startup.VersionLoggerListener.log CATALINA_BASE:         D:\NtiJavaTech\springMVC\mvcAnnottation
21-Sep-2026 01:41:52.390 INFO [main] org.apache.catalina.startup.VersionLoggerListener.log CATALINA_HOME:         C:\Users\gamaleldeen\OneDrive\Documents\apache-tomcat-10.1.59
21-Sep-2026 01:41:52.414 INFO [main] org.apache.catalina.startup.VersionLoggerListener.log Command line argument: --add-opens=java.base/java.lang=ALL-UNNAMED
21-Sep-2026 01:41:52.414 INFO [main] org.apache.catalina.startup.VersionLoggerListener.log Command line argument: --add-opens=java.base/java.io=ALL-UNNAMED
21-Sep-2026 01:41:52.415 INFO [main] org.apache.catalina.startup.VersionLoggerListener.log Command line argument: --add-opens=java.base/java.util=ALL-UNNAMED
21-Sep-2026 01:41:52.415 INFO [main] org.apache.catalina.startup.VersionLoggerListener.log Command line argument: --add-opens=java.base/java.util.concurrent=ALL-UNNAMED
21-Sep-2026 01:41:52.415 INFO [main] org.apache.catalina.startup.VersionLoggerListener.log Command line argument: --add-opens=java.rmi/sun.rmi.transport=ALL-UNNAMED
21-Sep-2026 01:41:52.416 INFO [main] org.apache.catalina.startup.VersionLoggerListener.log Command line argument: -Dcatalina.home=C:\Users\gamaleldeen\OneDrive\Documents\apache-tomcat-10.1.59
21-Sep-2026 01:41:52.438 INFO [main] org.apache.catalina.startup.VersionLoggerListener.log Command line argument: -Dcatalina.base=D:\NtiJavaTech\springMVC\mvcAnnottation
21-Sep-2026 01:41:52.438 INFO [main] org.apache.catalina.startup.VersionLoggerListener.log Command line argument: -Djava.io.tmpdir=D:\NtiJavaTech\springMVC\mvcAnnottation\temp
21-Sep-2026 01:41:52.438 INFO [main] org.apache.catalina.startup.VersionLoggerListener.log Command line argument: -Djava.util.logging.config.file=D:\NtiJavaTech\springMVC\mvcAnnottation\conf\logging.properties
21-Sep-2026 01:41:52.438 INFO [main] org.apache.catalina.startup.VersionLoggerListener.log Command line argument: -Djava.util.logging.manager=org.apache.juli.ClassLoaderLogManager
21-Sep-2026 01:41:52.439 INFO [main] org.apache.catalina.startup.VersionLoggerListener.log Command line argument: -javaagent:C:\Program Files\JetBrains\IntelliJ IDEA Community Edition 2025.1.3\lib\idea_rt.jar=2248
21-Sep-2026 01:41:52.439 INFO [main] org.apache.catalina.startup.VersionLoggerListener.log Command line argument: -Dfile.encoding=UTF-8
21-Sep-2026 01:41:52.447 INFO [main] org.apache.catalina.core.AprLifecycleListener.lifecycleEvent Loaded Apache Tomcat Native library [2.0.15] using APR version [1.7.6].
21-Sep-2026 01:41:52.457 INFO [main] org.apache.catalina.core.AprLifecycleListener.initializeSSL OpenSSL successfully initialized [OpenSSL 3.5.7 9 Jun 2026]
21-Sep-2026 01:41:52.933 INFO [main] org.apache.coyote.AbstractProtocol.init Initializing ProtocolHandler ["http-nio-8080"]
21-Sep-2026 01:41:52.961 INFO [main] org.apache.catalina.startup.Catalina.load Server initialization in [964] milliseconds
21-Sep-2026 01:41:53.055 INFO [main] org.apache.catalina.core.StandardService.startInternal Starting service [Catalina]
21-Sep-2026 01:41:53.056 INFO [main] org.apache.catalina.core.StandardEngine.startInternal Starting Servlet engine: [Apache Tomcat/10.1.59]
21-Sep-2026 01:41:53.075 INFO [main] org.apache.catalina.startup.HostConfig.deployDescriptor Deploying deployment descriptor [D:\NtiJavaTech\springMVC\mvcAnnottation\conf\Catalina\localhost\mvcAnnottation.xml]
21-Sep-2026 01:41:57.144 INFO [main] org.apache.jasper.servlet.TldScanner.scanJars At least one JAR was scanned for TLDs yet contained no TLDs. Enable debug logging for this logger for a complete list of JARs that were scanned but no TLDs were found in them. Skipping unneeded JARs during scanning can improve startup time and JSP compilation time.
21-Sep-2026 01:42:00.739 INFO [main] org.apache.catalina.startup.HostConfig.deployDescriptor Deployment of deployment descriptor [D:\NtiJavaTech\springMVC\mvcAnnottation\conf\Catalina\localhost\mvcAnnottation.xml] has finished in [7,662] ms
21-Sep-2026 01:42:00.755 INFO [main] org.apache.coyote.AbstractProtocol.start Starting ProtocolHandler ["http-nio-8080"]
21-Sep-2026 01:42:00.842 INFO [main] org.apache.catalina.startup.Catalina.start Server startup in [7879] milliseconds
21-Sep-2026 01:43:05.524 INFO [Thread-1] org.apache.coyote.AbstractProtocol.pause Pausing ProtocolHandler ["http-nio-8080"]
21-Sep-2026 01:43:05.548 INFO [Thread-1] org.apache.catalina.core.StandardService.stopInternal Stopping service [Catalina]
21-Sep-2026 01:43:05.596 INFO [Thread-1] org.apache.coyote.AbstractProtocol.stop Stopping ProtocolHandler ["http-nio-8080"]
21-Sep-2026 01:43:05.607 INFO [Thread-1] org.apache.coyote.AbstractProtocol.destroy Destroying ProtocolHandler ["http-nio-8080"]
21-Sep-2026 01:44:43.804 INFO [main] org.apache.catalina.startup.VersionLoggerListener.log Server version name:   Apache Tomcat/10.1.59
21-Sep-2026 01:44:43.812 INFO [main] org.apache.catalina.startup.VersionLoggerListener.log Server built:          Aug 13 2026 16:59:10 UTC
21-Sep-2026 01:44:43.816 INFO [main] org.apache.catalina.startup.VersionLoggerListener.log Server version number: 10.1.59.0
21-Sep-2026 01:44:43.816 INFO [main] org.apache.catalina.startup.VersionLoggerListener.log OS Name:               Windows 10
21-Sep-2026 01:44:43.816 INFO [main] org.apache.catalina.startup.VersionLoggerListener.log OS Version:            10.0
21-Sep-2026 01:44:43.816 INFO [main] org.apache.catalina.startup.VersionLoggerListener.log Architecture:          amd64
21-Sep-2026 01:44:43.816 INFO [main] org.apache.catalina.startup.VersionLoggerListener.log Java Home:             C:\Program Files\Java\jdk-17
21-Sep-2026 01:44:43.817 INFO [main] org.apache.catalina.startup.VersionLoggerListener.log JVM Version:           17.0.16+12-LTS-247
21-Sep-2026 01:44:43.817 INFO [main] org.apache.catalina.startup.VersionLoggerListener.log JVM Vendor:            Oracle Corporation
21-Sep-2026 01:44:43.817 INFO [main] org.apache.catalina.startup.VersionLoggerListener.log CATALINA_BASE:         D:\NtiJavaTech\springMVC\mvcAnnottation
21-Sep-2026 01:44:43.817 INFO [main] org.apache.catalina.startup.VersionLoggerListener.log CATALINA_HOME:         C:\Users\gamaleldeen\OneDrive\Documents\apache-tomcat-10.1.59
21-Sep-2026 01:44:43.832 INFO [main] org.apache.catalina.startup.VersionLoggerListener.log Command line argument: --add-opens=java.base/java.lang=ALL-UNNAMED
21-Sep-2026 01:44:43.832 INFO [main] org.apache.catalina.startup.VersionLoggerListener.log Command line argument: --add-opens=java.base/java.io=ALL-UNNAMED
21-Sep-2026 01:44:43.833 INFO [main] org.apache.catalina.startup.VersionLoggerListener.log Command line argument: --add-opens=java.base/java.util=ALL-UNNAMED
21-Sep-2026 01:44:43.833 INFO [main] org.apache.catalina.startup.VersionLoggerListener.log Command line argument: --add-opens=java.base/java.util.concurrent=ALL-UNNAMED
21-Sep-2026 01:44:43.833 INFO [main] org.apache.catalina.startup.VersionLoggerListener.log Command line argument: --add-opens=java.rmi/sun.rmi.transport=ALL-UNNAMED
21-Sep-2026 01:44:43.833 INFO [main] org.apache.catalina.startup.VersionLoggerListener.log Command line argument: -Dcatalina.home=C:\Users\gamaleldeen\OneDrive\Documents\apache-tomcat-10.1.59
21-Sep-2026 01:44:43.833 INFO [main] org.apache.catalina.startup.VersionLoggerListener.log Command line argument: -Dcatalina.base=D:\NtiJavaTech\springMVC\mvcAnnottation
21-Sep-2026 01:44:43.833 INFO [main] org.apache.catalina.startup.VersionLoggerListener.log Command line argument: -Djava.io.tmpdir=D:\NtiJavaTech\springMVC\mvcAnnottation\temp
21-Sep-2026 01:44:43.834 INFO [main] org.apache.catalina.startup.VersionLoggerListener.log Command line argument: -Djava.util.logging.config.file=D:\NtiJavaTech\springMVC\mvcAnnottation\conf\logging.properties
21-Sep-2026 01:44:43.834 INFO [main] org.apache.catalina.startup.VersionLoggerListener.log Command line argument: -Djava.util.logging.manager=org.apache.juli.ClassLoaderLogManager
21-Sep-2026 01:44:43.834 INFO [main] org.apache.catalina.startup.VersionLoggerListener.log Command line argument: -javaagent:C:\Program Files\JetBrains\IntelliJ IDEA Community Edition 2025.1.3\lib\idea_rt.jar=2273
21-Sep-2026 01:44:43.834 INFO [main] org.apache.catalina.startup.VersionLoggerListener.log Command line argument: -Dfile.encoding=UTF-8
21-Sep-2026 01:44:43.840 INFO [main] org.apache.catalina.core.AprLifecycleListener.lifecycleEvent Loaded Apache Tomcat Native library [2.0.15] using APR version [1.7.6].
21-Sep-2026 01:44:43.848 INFO [main] org.apache.catalina.core.AprLifecycleListener.initializeSSL OpenSSL successfully initialized [OpenSSL 3.5.7 9 Jun 2026]
21-Sep-2026 01:44:44.314 INFO [main] org.apache.coyote.AbstractProtocol.init Initializing ProtocolHandler ["http-nio-8080"]
21-Sep-2026 01:44:44.345 INFO [main] org.apache.catalina.startup.Catalina.load Server initialization in [930] milliseconds
21-Sep-2026 01:44:44.417 INFO [main] org.apache.catalina.core.StandardService.startInternal Starting service [Catalina]
21-Sep-2026 01:44:44.417 INFO [main] org.apache.catalina.core.StandardEngine.startInternal Starting Servlet engine: [Apache Tomcat/10.1.59]
21-Sep-2026 01:44:44.436 INFO [main] org.apache.catalina.startup.HostConfig.deployDescriptor Deploying deployment descriptor [D:\NtiJavaTech\springMVC\mvcAnnottation\conf\Catalina\localhost\mvcAnnottation.xml]
21-Sep-2026 01:44:48.668 INFO [main] org.apache.jasper.servlet.TldScanner.scanJars At least one JAR was scanned for TLDs yet contained no TLDs. Enable debug logging for this logger for a complete list of JARs that were scanned but no TLDs were found in them. Skipping unneeded JARs during scanning can improve startup time and JSP compilation time.
21-Sep-2026 01:44:52.862 INFO [main] org.apache.catalina.startup.HostConfig.deployDescriptor Deployment of deployment descriptor [D:\NtiJavaTech\springMVC\mvcAnnottation\conf\Catalina\localhost\mvcAnnottation.xml] has finished in [8,425] ms
21-Sep-2026 01:44:52.872 INFO [main] org.apache.coyote.AbstractProtocol.start Starting ProtocolHandler ["http-nio-8080"]
21-Sep-2026 01:44:52.931 INFO [main] org.apache.catalina.startup.Catalina.start Server startup in [8585] milliseconds
21-Sep-2026 01:54:12.894 INFO [Thread-1] org.apache.coyote.AbstractProtocol.pause Pausing ProtocolHandler ["http-nio-8080"]
21-Sep-2026 01:54:12.924 INFO [Thread-1] org.apache.catalina.core.StandardService.stopInternal Stopping service [Catalina]
21-Sep-2026 01:54:13.043 INFO [Thread-1] org.apache.coyote.AbstractProtocol.stop Stopping ProtocolHandler ["http-nio-8080"]
21-Sep-2026 01:54:13.050 INFO [Thread-1] org.apache.coyote.AbstractProtocol.destroy Destroying ProtocolHandler ["http-nio-8080"]
21-Sep-2026 01:54:30.905 INFO [main] org.apache.catalina.startup.VersionLoggerListener.log Server version name:   Apache Tomcat/10.1.59
21-Sep-2026 01:54:30.915 INFO [main] org.apache.catalina.startup.VersionLoggerListener.log Server built:          Aug 13 2026 16:59:10 UTC
21-Sep-2026 01:54:30.916 INFO [main] org.apache.catalina.startup.VersionLoggerListener.log Server version number: 10.1.59.0
21-Sep-2026 01:54:30.917 INFO [main] org.apache.catalina.startup.VersionLoggerListener.log OS Name:               Windows 10
21-Sep-2026 01:54:30.917 INFO [main] org.apache.catalina.startup.VersionLoggerListener.log OS Version:            10.0
21-Sep-2026 01:54:30.917 INFO [main] org.apache.catalina.startup.VersionLoggerListener.log Architecture:          amd64
21-Sep-2026 01:54:30.918 INFO [main] org.apache.catalina.startup.VersionLoggerListener.log Java Home:             C:\Program Files\Java\jdk-17
21-Sep-2026 01:54:30.918 INFO [main] org.apache.catalina.startup.VersionLoggerListener.log JVM Version:           17.0.16+12-LTS-247
21-Sep-2026 01:54:30.918 INFO [main] org.apache.catalina.startup.VersionLoggerListener.log JVM Vendor:            Oracle Corporation
21-Sep-2026 01:54:30.919 INFO [main] org.apache.catalina.startup.VersionLoggerListener.log CATALINA_BASE:         D:\NtiJavaTech\springMVC\mvcAnnottation
21-Sep-2026 01:54:30.919 INFO [main] org.apache.catalina.startup.VersionLoggerListener.log CATALINA_HOME:         C:\Users\gamaleldeen\OneDrive\Documents\apache-tomcat-10.1.59
21-Sep-2026 01:54:30.941 INFO [main] org.apache.catalina.startup.VersionLoggerListener.log Command line argument: --add-opens=java.base/java.lang=ALL-UNNAMED
21-Sep-2026 01:54:30.941 INFO [main] org.apache.catalina.startup.VersionLoggerListener.log Command line argument: --add-opens=java.base/java.io=ALL-UNNAMED
21-Sep-2026 01:54:30.941 INFO [main] org.apache.catalina.startup.VersionLoggerListener.log Command line argument: --add-opens=java.base/java.util=ALL-UNNAMED
21-Sep-2026 01:54:30.942 INFO [main] org.apache.catalina.startup.VersionLoggerListener.log Command line argument: --add-opens=java.base/java.util.concurrent=ALL-UNNAMED
21-Sep-2026 01:54:30.942 INFO [main] org.apache.catalina.startup.VersionLoggerListener.log Command line argument: --add-opens=java.rmi/sun.rmi.transport=ALL-UNNAMED
21-Sep-2026 01:54:30.942 INFO [main] org.apache.catalina.startup.VersionLoggerListener.log Command line argument: -Dcatalina.home=C:\Users\gamaleldeen\OneDrive\Documents\apache-tomcat-10.1.59
21-Sep-2026 01:54:30.942 INFO [main] org.apache.catalina.startup.VersionLoggerListener.log Command line argument: -Dcatalina.base=D:\NtiJavaTech\springMVC\mvcAnnottation
21-Sep-2026 01:54:30.943 INFO [main] org.apache.catalina.startup.VersionLoggerListener.log Command line argument: -Djava.io.tmpdir=D:\NtiJavaTech\springMVC\mvcAnnottation\temp
21-Sep-2026 01:54:30.943 INFO [main] org.apache.catalina.startup.VersionLoggerListener.log Command line argument: -Djava.util.logging.config.file=D:\NtiJavaTech\springMVC\mvcAnnottation\conf\logging.properties
21-Sep-2026 01:54:30.943 INFO [main] org.apache.catalina.startup.VersionLoggerListener.log Command line argument: -Djava.util.logging.manager=org.apache.juli.ClassLoaderLogManager
21-Sep-2026 01:54:30.943 INFO [main] org.apache.catalina.startup.VersionLoggerListener.log Command line argument: -javaagent:C:\Program Files\JetBrains\IntelliJ IDEA Community Edition 2025.1.3\lib\idea_rt.jar=2313
21-Sep-2026 01:54:30.943 INFO [main] org.apache.catalina.startup.VersionLoggerListener.log Command line argument: -Dfile.encoding=UTF-8
21-Sep-2026 01:54:30.950 INFO [main] org.apache.catalina.core.AprLifecycleListener.lifecycleEvent Loaded Apache Tomcat Native library [2.0.15] using APR version [1.7.6].
21-Sep-2026 01:54:30.957 INFO [main] org.apache.catalina.core.AprLifecycleListener.initializeSSL OpenSSL successfully initialized [OpenSSL 3.5.7 9 Jun 2026]
21-Sep-2026 01:54:31.781 INFO [main] org.apache.coyote.AbstractProtocol.init Initializing ProtocolHandler ["http-nio-8080"]
21-Sep-2026 01:54:31.818 INFO [main] org.apache.catalina.startup.Catalina.load Server initialization in [1490] milliseconds
21-Sep-2026 01:54:31.950 INFO [main] org.apache.catalina.core.StandardService.startInternal Starting service [Catalina]
21-Sep-2026 01:54:31.951 INFO [main] org.apache.catalina.core.StandardEngine.startInternal Starting Servlet engine: [Apache Tomcat/10.1.59]
21-Sep-2026 01:54:31.978 INFO [main] org.apache.catalina.startup.HostConfig.deployDescriptor Deploying deployment descriptor [D:\NtiJavaTech\springMVC\mvcAnnottation\conf\Catalina\localhost\mvcAnnottation.xml]
21-Sep-2026 01:54:36.760 INFO [main] org.apache.jasper.servlet.TldScanner.scanJars At least one JAR was scanned for TLDs yet contained no TLDs. Enable debug logging for this logger for a complete list of JARs that were scanned but no TLDs were found in them. Skipping unneeded JARs during scanning can improve startup time and JSP compilation time.
21-Sep-2026 01:54:41.347 INFO [main] org.apache.catalina.startup.HostConfig.deployDescriptor Deployment of deployment descriptor [D:\NtiJavaTech\springMVC\mvcAnnottation\conf\Catalina\localhost\mvcAnnottation.xml] has finished in [9,368] ms
21-Sep-2026 01:54:41.353 INFO [main] org.apache.coyote.AbstractProtocol.start Starting ProtocolHandler ["http-nio-8080"]
21-Sep-2026 01:54:41.409 INFO [main] org.apache.catalina.startup.Catalina.start Server startup in [9591] milliseconds
21-Sep-2026 02:00:44.629 INFO [Thread-1] org.apache.coyote.AbstractProtocol.pause Pausing ProtocolHandler ["http-nio-8080"]
21-Sep-2026 02:00:44.712 INFO [Thread-1] org.apache.catalina.core.StandardService.stopInternal Stopping service [Catalina]
21-Sep-2026 02:00:45.051 INFO [Thread-1] org.apache.coyote.AbstractProtocol.stop Stopping ProtocolHandler ["http-nio-8080"]
21-Sep-2026 02:00:45.085 INFO [Thread-1] org.apache.coyote.AbstractProtocol.destroy Destroying ProtocolHandler ["http-nio-8080"]
21-Sep-2026 02:01:01.767 INFO [main] org.apache.catalina.startup.VersionLoggerListener.log Server version name:   Apache Tomcat/10.1.59
21-Sep-2026 02:01:01.776 INFO [main] org.apache.catalina.startup.VersionLoggerListener.log Server built:          Aug 13 2026 16:59:10 UTC
21-Sep-2026 02:01:01.777 INFO [main] org.apache.catalina.startup.VersionLoggerListener.log Server version number: 10.1.59.0
21-Sep-2026 02:01:01.778 INFO [main] org.apache.catalina.startup.VersionLoggerListener.log OS Name:               Windows 10
21-Sep-2026 02:01:01.778 INFO [main] org.apache.catalina.startup.VersionLoggerListener.log OS Version:            10.0
21-Sep-2026 02:01:01.779 INFO [main] org.apache.catalina.startup.VersionLoggerListener.log Architecture:          amd64
21-Sep-2026 02:01:01.779 INFO [main] org.apache.catalina.startup.VersionLoggerListener.log Java Home:             C:\Program Files\Java\jdk-17
21-Sep-2026 02:01:01.779 INFO [main] org.apache.catalina.startup.VersionLoggerListener.log JVM Version:           17.0.16+12-LTS-247
21-Sep-2026 02:01:01.779 INFO [main] org.apache.catalina.startup.VersionLoggerListener.log JVM Vendor:            Oracle Corporation
21-Sep-2026 02:01:01.780 INFO [main] org.apache.catalina.startup.VersionLoggerListener.log CATALINA_BASE:         D:\NtiJavaTech\springMVC\mvcAnnottation
21-Sep-2026 02:01:01.780 INFO [main] org.apache.catalina.startup.VersionLoggerListener.log CATALINA_HOME:         C:\Users\gamaleldeen\OneDrive\Documents\apache-tomcat-10.1.59
21-Sep-2026 02:01:01.796 INFO [main] org.apache.catalina.startup.VersionLoggerListener.log Command line argument: --add-opens=java.base/java.lang=ALL-UNNAMED
21-Sep-2026 02:01:01.796 INFO [main] org.apache.catalina.startup.VersionLoggerListener.log Command line argument: --add-opens=java.base/java.io=ALL-UNNAMED
21-Sep-2026 02:01:01.796 INFO [main] org.apache.catalina.startup.VersionLoggerListener.log Command line argument: --add-opens=java.base/java.util=ALL-UNNAMED
21-Sep-2026 02:01:01.797 INFO [main] org.apache.catalina.startup.VersionLoggerListener.log Command line argument: --add-opens=java.base/java.util.concurrent=ALL-UNNAMED
21-Sep-2026 02:01:01.797 INFO [main] org.apache.catalina.startup.VersionLoggerListener.log Command line argument: --add-opens=java.rmi/sun.rmi.transport=ALL-UNNAMED
21-Sep-2026 02:01:01.797 INFO [main] org.apache.catalina.startup.VersionLoggerListener.log Command line argument: -Dcatalina.home=C:\Users\gamaleldeen\OneDrive\Documents\apache-tomcat-10.1.59
21-Sep-2026 02:01:01.797 INFO [main] org.apache.catalina.startup.VersionLoggerListener.log Command line argument: -Dcatalina.base=D:\NtiJavaTech\springMVC\mvcAnnottation
21-Sep-2026 02:01:01.797 INFO [main] org.apache.catalina.startup.VersionLoggerListener.log Command line argument: -Djava.io.tmpdir=D:\NtiJavaTech\springMVC\mvcAnnottation\temp
21-Sep-2026 02:01:01.797 INFO [main] org.apache.catalina.startup.VersionLoggerListener.log Command line argument: -Djava.util.logging.config.file=D:\NtiJavaTech\springMVC\mvcAnnottation\conf\logging.properties
21-Sep-2026 02:01:01.797 INFO [main] org.apache.catalina.startup.VersionLoggerListener.log Command line argument: -Djava.util.logging.manager=org.apache.juli.ClassLoaderLogManager
21-Sep-2026 02:01:01.797 INFO [main] org.apache.catalina.startup.VersionLoggerListener.log Command line argument: -javaagent:C:\Program Files\JetBrains\IntelliJ IDEA Community Edition 2025.1.3\lib\idea_rt.jar=2389
21-Sep-2026 02:01:01.798 INFO [main] org.apache.catalina.startup.VersionLoggerListener.log Command line argument: -Dfile.encoding=UTF-8
21-Sep-2026 02:01:01.804 INFO [main] org.apache.catalina.core.AprLifecycleListener.lifecycleEvent Loaded Apache Tomcat Native library [2.0.15] using APR version [1.7.6].
21-Sep-2026 02:01:01.813 INFO [main] org.apache.catalina.core.AprLifecycleListener.initializeSSL OpenSSL successfully initialized [OpenSSL 3.5.7 9 Jun 2026]
21-Sep-2026 02:01:02.331 INFO [main] org.apache.coyote.AbstractProtocol.init Initializing ProtocolHandler ["http-nio-8080"]
21-Sep-2026 02:01:02.365 INFO [main] org.apache.catalina.startup.Catalina.load Server initialization in [1069] milliseconds
21-Sep-2026 02:01:02.445 INFO [main] org.apache.catalina.core.StandardService.startInternal Starting service [Catalina]
21-Sep-2026 02:01:02.446 INFO [main] org.apache.catalina.core.StandardEngine.startInternal Starting Servlet engine: [Apache Tomcat/10.1.59]
21-Sep-2026 02:01:02.468 INFO [main] org.apache.catalina.startup.HostConfig.deployDescriptor Deploying deployment descriptor [D:\NtiJavaTech\springMVC\mvcAnnottation\conf\Catalina\localhost\mvcAnnottation.xml]
21-Sep-2026 02:01:06.957 INFO [main] org.apache.jasper.servlet.TldScanner.scanJars At least one JAR was scanned for TLDs yet contained no TLDs. Enable debug logging for this logger for a complete list of JARs that were scanned but no TLDs were found in them. Skipping unneeded JARs during scanning can improve startup time and JSP compilation time.
21-Sep-2026 02:01:12.028 INFO [main] org.apache.catalina.startup.HostConfig.deployDescriptor Deployment of deployment descriptor [D:\NtiJavaTech\springMVC\mvcAnnottation\conf\Catalina\localhost\mvcAnnottation.xml] has finished in [9,560] ms
21-Sep-2026 02:01:12.033 INFO [main] org.apache.coyote.AbstractProtocol.start Starting ProtocolHandler ["http-nio-8080"]
21-Sep-2026 02:01:12.081 INFO [main] org.apache.catalina.startup.Catalina.start Server startup in [9715] milliseconds
21-Sep-2026 02:02:14.944 INFO [Thread-1] org.apache.coyote.AbstractProtocol.pause Pausing ProtocolHandler ["http-nio-8080"]
21-Sep-2026 02:02:14.976 INFO [Thread-1] org.apache.catalina.core.StandardService.stopInternal Stopping service [Catalina]
21-Sep-2026 02:02:15.028 INFO [Thread-1] org.apache.coyote.AbstractProtocol.stop Stopping ProtocolHandler ["http-nio-8080"]
21-Sep-2026 02:02:15.044 INFO [Thread-1] org.apache.coyote.AbstractProtocol.destroy Destroying ProtocolHandler ["http-nio-8080"]
21-Sep-2026 03:22:52.620 INFO [main] org.apache.catalina.startup.VersionLoggerListener.log Server version name:   Apache Tomcat/10.1.59
21-Sep-2026 03:22:52.627 INFO [main] org.apache.catalina.startup.VersionLoggerListener.log Server built:          Aug 13 2026 16:59:10 UTC
21-Sep-2026 03:22:52.627 INFO [main] org.apache.catalina.startup.VersionLoggerListener.log Server version number: 10.1.59.0
21-Sep-2026 03:22:52.628 INFO [main] org.apache.catalina.startup.VersionLoggerListener.log OS Name:               Windows 10
21-Sep-2026 03:22:52.628 INFO [main] org.apache.catalina.startup.VersionLoggerListener.log OS Version:            10.0
21-Sep-2026 03:22:52.628 INFO [main] org.apache.catalina.startup.VersionLoggerListener.log Architecture:          amd64
21-Sep-2026 03:22:52.628 INFO [main] org.apache.catalina.startup.VersionLoggerListener.log Java Home:             C:\Program Files\Java\jdk-17
21-Sep-2026 03:22:52.628 INFO [main] org.apache.catalina.startup.VersionLoggerListener.log JVM Version:           17.0.16+12-LTS-247
21-Sep-2026 03:22:52.629 INFO [main] org.apache.catalina.startup.VersionLoggerListener.log JVM Vendor:            Oracle Corporation
21-Sep-2026 03:22:52.629 INFO [main] org.apache.catalina.startup.VersionLoggerListener.log CATALINA_BASE:         D:\NtiJavaTech\springMVC\mvcAnnottation
21-Sep-2026 03:22:52.629 INFO [main] org.apache.catalina.startup.VersionLoggerListener.log CATALINA_HOME:         C:\Users\gamaleldeen\OneDrive\Documents\apache-tomcat-10.1.59
21-Sep-2026 03:22:52.644 INFO [main] org.apache.catalina.startup.VersionLoggerListener.log Command line argument: --add-opens=java.base/java.lang=ALL-UNNAMED
21-Sep-2026 03:22:52.644 INFO [main] org.apache.catalina.startup.VersionLoggerListener.log Command line argument: --add-opens=java.base/java.io=ALL-UNNAMED
21-Sep-2026 03:22:52.644 INFO [main] org.apache.catalina.startup.VersionLoggerListener.log Command line argument: --add-opens=java.base/java.util=ALL-UNNAMED
21-Sep-2026 03:22:52.645 INFO [main] org.apache.catalina.startup.VersionLoggerListener.log Command line argument: --add-opens=java.base/java.util.concurrent=ALL-UNNAMED
21-Sep-2026 03:22:52.645 INFO [main] org.apache.catalina.startup.VersionLoggerListener.log Command line argument: --add-opens=java.rmi/sun.rmi.transport=ALL-UNNAMED
21-Sep-2026 03:22:52.645 INFO [main] org.apache.catalina.startup.VersionLoggerListener.log Command line argument: -Dcatalina.home=C:\Users\gamaleldeen\OneDrive\Documents\apache-tomcat-10.1.59
21-Sep-2026 03:22:52.645 INFO [main] org.apache.catalina.startup.VersionLoggerListener.log Command line argument: -Dcatalina.base=D:\NtiJavaTech\springMVC\mvcAnnottation
21-Sep-2026 03:22:52.645 INFO [main] org.apache.catalina.startup.VersionLoggerListener.log Command line argument: -Djava.io.tmpdir=D:\NtiJavaTech\springMVC\mvcAnnottation\temp
21-Sep-2026 03:22:52.645 INFO [main] org.apache.catalina.startup.VersionLoggerListener.log Command line argument: -Djava.util.logging.config.file=D:\NtiJavaTech\springMVC\mvcAnnottation\conf\logging.properties
21-Sep-2026 03:22:52.646 INFO [main] org.apache.catalina.startup.VersionLoggerListener.log Command line argument: -Djava.util.logging.manager=org.apache.juli.ClassLoaderLogManager
21-Sep-2026 03:22:52.646 INFO [main] org.apache.catalina.startup.VersionLoggerListener.log Command line argument: -javaagent:C:\Program Files\JetBrains\IntelliJ IDEA Community Edition 2025.1.3\lib\idea_rt.jar=12871
21-Sep-2026 03:22:52.646 INFO [main] org.apache.catalina.startup.VersionLoggerListener.log Command line argument: -Dfile.encoding=UTF-8
21-Sep-2026 03:22:52.664 INFO [main] org.apache.catalina.core.AprLifecycleListener.lifecycleEvent Loaded Apache Tomcat Native library [2.0.15] using APR version [1.7.6].
21-Sep-2026 03:22:52.707 INFO [main] org.apache.catalina.core.AprLifecycleListener.initializeSSL OpenSSL successfully initialized [OpenSSL 3.5.7 9 Jun 2026]
21-Sep-2026 03:22:53.193 INFO [main] org.apache.coyote.AbstractProtocol.init Initializing ProtocolHandler ["http-nio-8080"]
21-Sep-2026 03:22:53.223 INFO [main] org.apache.catalina.startup.Catalina.load Server initialization in [1052] milliseconds
21-Sep-2026 03:22:53.304 INFO [main] org.apache.catalina.core.StandardService.startInternal Starting service [Catalina]
21-Sep-2026 03:22:53.304 INFO [main] org.apache.catalina.core.StandardEngine.startInternal Starting Servlet engine: [Apache Tomcat/10.1.59]
21-Sep-2026 03:22:53.327 INFO [main] org.apache.catalina.startup.HostConfig.deployDescriptor Deploying deployment descriptor [D:\NtiJavaTech\springMVC\mvcAnnottation\conf\Catalina\localhost\mvcAnnottation.xml]
21-Sep-2026 03:22:59.144 INFO [main] org.apache.jasper.servlet.TldScanner.scanJars At least one JAR was scanned for TLDs yet contained no TLDs. Enable debug logging for this logger for a complete list of JARs that were scanned but no TLDs were found in them. Skipping unneeded JARs during scanning can improve startup time and JSP compilation time.
21-Sep-2026 03:23:02.923 INFO [main] org.apache.catalina.startup.HostConfig.deployDescriptor Deployment of deployment descriptor [D:\NtiJavaTech\springMVC\mvcAnnottation\conf\Catalina\localhost\mvcAnnottation.xml] has finished in [9,596] ms
21-Sep-2026 03:23:02.931 INFO [main] org.apache.coyote.AbstractProtocol.start Starting ProtocolHandler ["http-nio-8080"]
21-Sep-2026 03:23:02.981 INFO [main] org.apache.catalina.startup.Catalina.start Server startup in [9757] milliseconds
21-Sep-2026 03:26:28.210 INFO [Thread-1] org.apache.coyote.AbstractProtocol.pause Pausing ProtocolHandler ["http-nio-8080"]
21-Sep-2026 03:26:28.243 INFO [Thread-1] org.apache.catalina.core.StandardService.stopInternal Stopping service [Catalina]
21-Sep-2026 03:26:28.320 INFO [Thread-1] org.apache.coyote.AbstractProtocol.stop Stopping ProtocolHandler ["http-nio-8080"]
21-Sep-2026 03:26:28.331 INFO [Thread-1] org.apache.coyote.AbstractProtocol.destroy Destroying ProtocolHandler ["http-nio-8080"]
21-Sep-2026 03:26:52.309 INFO [main] org.apache.catalina.startup.VersionLoggerListener.log Server version name:   Apache Tomcat/10.1.59
21-Sep-2026 03:26:52.317 INFO [main] org.apache.catalina.startup.VersionLoggerListener.log Server built:          Aug 13 2026 16:59:10 UTC
21-Sep-2026 03:26:52.317 INFO [main] org.apache.catalina.startup.VersionLoggerListener.log Server version number: 10.1.59.0
21-Sep-2026 03:26:52.317 INFO [main] org.apache.catalina.startup.VersionLoggerListener.log OS Name:               Windows 10
21-Sep-2026 03:26:52.318 INFO [main] org.apache.catalina.startup.VersionLoggerListener.log OS Version:            10.0
21-Sep-2026 03:26:52.318 INFO [main] org.apache.catalina.startup.VersionLoggerListener.log Architecture:          amd64
21-Sep-2026 03:26:52.318 INFO [main] org.apache.catalina.startup.VersionLoggerListener.log Java Home:             C:\Program Files\Java\jdk-17
21-Sep-2026 03:26:52.318 INFO [main] org.apache.catalina.startup.VersionLoggerListener.log JVM Version:           17.0.16+12-LTS-247
21-Sep-2026 03:26:52.319 INFO [main] org.apache.catalina.startup.VersionLoggerListener.log JVM Vendor:            Oracle Corporation
21-Sep-2026 03:26:52.319 INFO [main] org.apache.catalina.startup.VersionLoggerListener.log CATALINA_BASE:         D:\NtiJavaTech\springMVC\mvcAnnottation
21-Sep-2026 03:26:52.319 INFO [main] org.apache.catalina.startup.VersionLoggerListener.log CATALINA_HOME:         C:\Users\gamaleldeen\OneDrive\Documents\apache-tomcat-10.1.59
21-Sep-2026 03:26:52.337 INFO [main] org.apache.catalina.startup.VersionLoggerListener.log Command line argument: --add-opens=java.base/java.lang=ALL-UNNAMED
21-Sep-2026 03:26:52.337 INFO [main] org.apache.catalina.startup.VersionLoggerListener.log Command line argument: --add-opens=java.base/java.io=ALL-UNNAMED
21-Sep-2026 03:26:52.337 INFO [main] org.apache.catalina.startup.VersionLoggerListener.log Command line argument: --add-opens=java.base/java.util=ALL-UNNAMED
21-Sep-2026 03:26:52.337 INFO [main] org.apache.catalina.startup.VersionLoggerListener.log Command line argument: --add-opens=java.base/java.util.concurrent=ALL-UNNAMED
21-Sep-2026 03:26:52.338 INFO [main] org.apache.catalina.startup.VersionLoggerListener.log Command line argument: --add-opens=java.rmi/sun.rmi.transport=ALL-UNNAMED
21-Sep-2026 03:26:52.338 INFO [main] org.apache.catalina.startup.VersionLoggerListener.log Command line argument: -Dcatalina.home=C:\Users\gamaleldeen\OneDrive\Documents\apache-tomcat-10.1.59
21-Sep-2026 03:26:52.338 INFO [main] org.apache.catalina.startup.VersionLoggerListener.log Command line argument: -Dcatalina.base=D:\NtiJavaTech\springMVC\mvcAnnottation
21-Sep-2026 03:26:52.338 INFO [main] org.apache.catalina.startup.VersionLoggerListener.log Command line argument: -Djava.io.tmpdir=D:\NtiJavaTech\springMVC\mvcAnnottation\temp
21-Sep-2026 03:26:52.338 INFO [main] org.apache.catalina.startup.VersionLoggerListener.log Command line argument: -Djava.util.logging.config.file=D:\NtiJavaTech\springMVC\mvcAnnottation\conf\logging.properties
21-Sep-2026 03:26:52.338 INFO [main] org.apache.catalina.startup.VersionLoggerListener.log Command line argument: -Djava.util.logging.manager=org.apache.juli.ClassLoaderLogManager
21-Sep-2026 03:26:52.339 INFO [main] org.apache.catalina.startup.VersionLoggerListener.log Command line argument: -javaagent:C:\Program Files\JetBrains\IntelliJ IDEA Community Edition 2025.1.3\lib\idea_rt.jar=12911
21-Sep-2026 03:26:52.339 INFO [main] org.apache.catalina.startup.VersionLoggerListener.log Command line argument: -Dfile.encoding=UTF-8
21-Sep-2026 03:26:52.353 INFO [main] org.apache.catalina.core.AprLifecycleListener.lifecycleEvent Loaded Apache Tomcat Native library [2.0.15] using APR version [1.7.6].
21-Sep-2026 03:26:52.392 INFO [main] org.apache.catalina.core.AprLifecycleListener.initializeSSL OpenSSL successfully initialized [OpenSSL 3.5.7 9 Jun 2026]
21-Sep-2026 03:26:52.886 INFO [main] org.apache.coyote.AbstractProtocol.init Initializing ProtocolHandler ["http-nio-8080"]
21-Sep-2026 03:26:52.916 INFO [main] org.apache.catalina.startup.Catalina.load Server initialization in [1060] milliseconds
21-Sep-2026 03:26:52.991 INFO [main] org.apache.catalina.core.StandardService.startInternal Starting service [Catalina]
21-Sep-2026 03:26:52.992 INFO [main] org.apache.catalina.core.StandardEngine.startInternal Starting Servlet engine: [Apache Tomcat/10.1.59]
21-Sep-2026 03:26:53.014 INFO [main] org.apache.catalina.startup.HostConfig.deployDescriptor Deploying deployment descriptor [D:\NtiJavaTech\springMVC\mvcAnnottation\conf\Catalina\localhost\mvcAnnottation.xml]
21-Sep-2026 03:26:57.335 INFO [main] org.apache.jasper.servlet.TldScanner.scanJars At least one JAR was scanned for TLDs yet contained no TLDs. Enable debug logging for this logger for a complete list of JARs that were scanned but no TLDs were found in them. Skipping unneeded JARs during scanning can improve startup time and JSP compilation time.
21-Sep-2026 03:27:01.783 INFO [main] org.apache.catalina.startup.HostConfig.deployDescriptor Deployment of deployment descriptor [D:\NtiJavaTech\springMVC\mvcAnnottation\conf\Catalina\localhost\mvcAnnottation.xml] has finished in [8,769] ms
21-Sep-2026 03:27:01.792 INFO [main] org.apache.coyote.AbstractProtocol.start Starting ProtocolHandler ["http-nio-8080"]
21-Sep-2026 03:27:01.882 INFO [main] org.apache.catalina.startup.Catalina.start Server startup in [8965] milliseconds
21-Sep-2026 03:33:05.742 INFO [Thread-1] org.apache.coyote.AbstractProtocol.pause Pausing ProtocolHandler ["http-nio-8080"]
21-Sep-2026 03:33:05.766 INFO [Thread-1] org.apache.catalina.core.StandardService.stopInternal Stopping service [Catalina]
21-Sep-2026 03:33:05.851 INFO [Thread-1] org.apache.coyote.AbstractProtocol.stop Stopping ProtocolHandler ["http-nio-8080"]
21-Sep-2026 03:33:05.868 INFO [Thread-1] org.apache.coyote.AbstractProtocol.destroy Destroying ProtocolHandler ["http-nio-8080"]
21-Sep-2026 03:35:07.465 INFO [main] org.apache.catalina.startup.VersionLoggerListener.log Server version name:   Apache Tomcat/10.1.59
21-Sep-2026 03:35:07.473 INFO [main] org.apache.catalina.startup.VersionLoggerListener.log Server built:          Aug 13 2026 16:59:10 UTC
21-Sep-2026 03:35:07.473 INFO [main] org.apache.catalina.startup.VersionLoggerListener.log Server version number: 10.1.59.0
21-Sep-2026 03:35:07.473 INFO [main] org.apache.catalina.startup.VersionLoggerListener.log OS Name:               Windows 10
21-Sep-2026 03:35:07.473 INFO [main] org.apache.catalina.startup.VersionLoggerListener.log OS Version:            10.0
21-Sep-2026 03:35:07.474 INFO [main] org.apache.catalina.startup.VersionLoggerListener.log Architecture:          amd64
21-Sep-2026 03:35:07.474 INFO [main] org.apache.catalina.startup.VersionLoggerListener.log Java Home:             C:\Program Files\Java\jdk-17
21-Sep-2026 03:35:07.474 INFO [main] org.apache.catalina.startup.VersionLoggerListener.log JVM Version:           17.0.16+12-LTS-247
21-Sep-2026 03:35:07.474 INFO [main] org.apache.catalina.startup.VersionLoggerListener.log JVM Vendor:            Oracle Corporation
21-Sep-2026 03:35:07.474 INFO [main] org.apache.catalina.startup.VersionLoggerListener.log CATALINA_BASE:         D:\NtiJavaTech\springMVC\mvcAnnottation
21-Sep-2026 03:35:07.474 INFO [main] org.apache.catalina.startup.VersionLoggerListener.log CATALINA_HOME:         C:\Users\gamaleldeen\OneDrive\Documents\apache-tomcat-10.1.59
21-Sep-2026 03:35:07.485 INFO [main] org.apache.catalina.startup.VersionLoggerListener.log Command line argument: --add-opens=java.base/java.lang=ALL-UNNAMED
21-Sep-2026 03:35:07.486 INFO [main] org.apache.catalina.startup.VersionLoggerListener.log Command line argument: --add-opens=java.base/java.io=ALL-UNNAMED
21-Sep-2026 03:35:07.486 INFO [main] org.apache.catalina.startup.VersionLoggerListener.log Command line argument: --add-opens=java.base/java.util=ALL-UNNAMED
21-Sep-2026 03:35:07.486 INFO [main] org.apache.catalina.startup.VersionLoggerListener.log Command line argument: --add-opens=java.base/java.util.concurrent=ALL-UNNAMED
21-Sep-2026 03:35:07.486 INFO [main] org.apache.catalina.startup.VersionLoggerListener.log Command line argument: --add-opens=java.rmi/sun.rmi.transport=ALL-UNNAMED
21-Sep-2026 03:35:07.486 INFO [main] org.apache.catalina.startup.VersionLoggerListener.log Command line argument: -Dcatalina.home=C:\Users\gamaleldeen\OneDrive\Documents\apache-tomcat-10.1.59
21-Sep-2026 03:35:07.487 INFO [main] org.apache.catalina.startup.VersionLoggerListener.log Command line argument: -Dcatalina.base=D:\NtiJavaTech\springMVC\mvcAnnottation
21-Sep-2026 03:35:07.487 INFO [main] org.apache.catalina.startup.VersionLoggerListener.log Command line argument: -Djava.io.tmpdir=D:\NtiJavaTech\springMVC\mvcAnnottation\temp
21-Sep-2026 03:35:07.487 INFO [main] org.apache.catalina.startup.VersionLoggerListener.log Command line argument: -Djava.util.logging.config.file=D:\NtiJavaTech\springMVC\mvcAnnottation\conf\logging.properties
21-Sep-2026 03:35:07.487 INFO [main] org.apache.catalina.startup.VersionLoggerListener.log Command line argument: -Djava.util.logging.manager=org.apache.juli.ClassLoaderLogManager
21-Sep-2026 03:35:07.487 INFO [main] org.apache.catalina.startup.VersionLoggerListener.log Command line argument: -javaagent:C:\Program Files\JetBrains\IntelliJ IDEA Community Edition 2025.1.3\lib\idea_rt.jar=12991
21-Sep-2026 03:35:07.487 INFO [main] org.apache.catalina.startup.VersionLoggerListener.log Command line argument: -Dfile.encoding=UTF-8
21-Sep-2026 03:35:07.500 INFO [main] org.apache.catalina.core.AprLifecycleListener.lifecycleEvent Loaded Apache Tomcat Native library [2.0.15] using APR version [1.7.6].
21-Sep-2026 03:35:07.541 INFO [main] org.apache.catalina.core.AprLifecycleListener.initializeSSL OpenSSL successfully initialized [OpenSSL 3.5.7 9 Jun 2026]
21-Sep-2026 03:35:08.005 INFO [main] org.apache.coyote.AbstractProtocol.init Initializing ProtocolHandler ["http-nio-8080"]
21-Sep-2026 03:35:08.037 INFO [main] org.apache.catalina.startup.Catalina.load Server initialization in [994] milliseconds
21-Sep-2026 03:35:08.118 INFO [main] org.apache.catalina.core.StandardService.startInternal Starting service [Catalina]
21-Sep-2026 03:35:08.118 INFO [main] org.apache.catalina.core.StandardEngine.startInternal Starting Servlet engine: [Apache Tomcat/10.1.59]
21-Sep-2026 03:35:08.139 INFO [main] org.apache.catalina.startup.HostConfig.deployDescriptor Deploying deployment descriptor [D:\NtiJavaTech\springMVC\mvcAnnottation\conf\Catalina\localhost\mvcAnnottation.xml]
21-Sep-2026 03:35:11.930 INFO [main] org.apache.jasper.servlet.TldScanner.scanJars At least one JAR was scanned for TLDs yet contained no TLDs. Enable debug logging for this logger for a complete list of JARs that were scanned but no TLDs were found in them. Skipping unneeded JARs during scanning can improve startup time and JSP compilation time.
21-Sep-2026 03:35:15.821 INFO [main] org.apache.catalina.startup.HostConfig.deployDescriptor Deployment of deployment descriptor [D:\NtiJavaTech\springMVC\mvcAnnottation\conf\Catalina\localhost\mvcAnnottation.xml] has finished in [7,681] ms
21-Sep-2026 03:35:15.832 INFO [main] org.apache.coyote.AbstractProtocol.start Starting ProtocolHandler ["http-nio-8080"]
21-Sep-2026 03:35:15.903 INFO [main] org.apache.catalina.startup.Catalina.start Server startup in [7866] milliseconds
21-Sep-2026 03:36:03.822 INFO [Thread-1] org.apache.coyote.AbstractProtocol.pause Pausing ProtocolHandler ["http-nio-8080"]
21-Sep-2026 03:36:03.853 INFO [Thread-1] org.apache.catalina.core.StandardService.stopInternal Stopping service [Catalina]
21-Sep-2026 03:36:03.927 INFO [Thread-1] org.apache.coyote.AbstractProtocol.stop Stopping ProtocolHandler ["http-nio-8080"]
21-Sep-2026 03:36:03.945 INFO [Thread-1] org.apache.coyote.AbstractProtocol.destroy Destroying ProtocolHandler ["http-nio-8080"]
21-Sep-2026 06:44:35.342 INFO [main] org.apache.catalina.startup.VersionLoggerListener.log Server version name:   Apache Tomcat/10.1.59
21-Sep-2026 06:44:35.350 INFO [main] org.apache.catalina.startup.VersionLoggerListener.log Server built:          Aug 13 2026 16:59:10 UTC
21-Sep-2026 06:44:35.350 INFO [main] org.apache.catalina.startup.VersionLoggerListener.log Server version number: 10.1.59.0
21-Sep-2026 06:44:35.351 INFO [main] org.apache.catalina.startup.VersionLoggerListener.log OS Name:               Windows 10
21-Sep-2026 06:44:35.351 INFO [main] org.apache.catalina.startup.VersionLoggerListener.log OS Version:            10.0
21-Sep-2026 06:44:35.351 INFO [main] org.apache.catalina.startup.VersionLoggerListener.log Architecture:          amd64
21-Sep-2026 06:44:35.351 INFO [main] org.apache.catalina.startup.VersionLoggerListener.log Java Home:             C:\Program Files\Java\jdk-17
21-Sep-2026 06:44:35.351 INFO [main] org.apache.catalina.startup.VersionLoggerListener.log JVM Version:           17.0.16+12-LTS-247
21-Sep-2026 06:44:35.351 INFO [main] org.apache.catalina.startup.VersionLoggerListener.log JVM Vendor:            Oracle Corporation
21-Sep-2026 06:44:35.352 INFO [main] org.apache.catalina.startup.VersionLoggerListener.log CATALINA_BASE:         D:\NtiJavaTech\springMVC\mvcAnnottation
21-Sep-2026 06:44:35.352 INFO [main] org.apache.catalina.startup.VersionLoggerListener.log CATALINA_HOME:         C:\Users\gamaleldeen\OneDrive\Documents\apache-tomcat-10.1.59
21-Sep-2026 06:44:35.374 INFO [main] org.apache.catalina.startup.VersionLoggerListener.log Command line argument: --add-opens=java.base/java.lang=ALL-UNNAMED
21-Sep-2026 06:44:35.374 INFO [main] org.apache.catalina.startup.VersionLoggerListener.log Command line argument: --add-opens=java.base/java.io=ALL-UNNAMED
21-Sep-2026 06:44:35.375 INFO [main] org.apache.catalina.startup.VersionLoggerListener.log Command line argument: --add-opens=java.base/java.util=ALL-UNNAMED
21-Sep-2026 06:44:35.375 INFO [main] org.apache.catalina.startup.VersionLoggerListener.log Command line argument: --add-opens=java.base/java.util.concurrent=ALL-UNNAMED
21-Sep-2026 06:44:35.375 INFO [main] org.apache.catalina.startup.VersionLoggerListener.log Command line argument: --add-opens=java.rmi/sun.rmi.transport=ALL-UNNAMED
21-Sep-2026 06:44:35.375 INFO [main] org.apache.catalina.startup.VersionLoggerListener.log Command line argument: -Dcatalina.home=C:\Users\gamaleldeen\OneDrive\Documents\apache-tomcat-10.1.59
21-Sep-2026 06:44:35.375 INFO [main] org.apache.catalina.startup.VersionLoggerListener.log Command line argument: -Dcatalina.base=D:\NtiJavaTech\springMVC\mvcAnnottation
21-Sep-2026 06:44:35.375 INFO [main] org.apache.catalina.startup.VersionLoggerListener.log Command line argument: -Djava.io.tmpdir=D:\NtiJavaTech\springMVC\mvcAnnottation\temp
21-Sep-2026 06:44:35.376 INFO [main] org.apache.catalina.startup.VersionLoggerListener.log Command line argument: -Djava.util.logging.config.file=D:\NtiJavaTech\springMVC\mvcAnnottation\conf\logging.properties
21-Sep-2026 06:44:35.376 INFO [main] org.apache.catalina.startup.VersionLoggerListener.log Command line argument: -Djava.util.logging.manager=org.apache.juli.ClassLoaderLogManager
21-Sep-2026 06:44:35.376 INFO [main] org.apache.catalina.startup.VersionLoggerListener.log Command line argument: -javaagent:C:\Program Files\JetBrains\IntelliJ IDEA Community Edition 2025.1.3\lib\idea_rt.jar=13425
21-Sep-2026 06:44:35.376 INFO [main] org.apache.catalina.startup.VersionLoggerListener.log Command line argument: -Dfile.encoding=UTF-8
21-Sep-2026 06:44:35.395 INFO [main] org.apache.catalina.core.AprLifecycleListener.lifecycleEvent Loaded Apache Tomcat Native library [2.0.15] using APR version [1.7.6].
21-Sep-2026 06:44:35.451 INFO [main] org.apache.catalina.core.AprLifecycleListener.initializeSSL OpenSSL successfully initialized [OpenSSL 3.5.7 9 Jun 2026]
21-Sep-2026 06:44:35.997 INFO [main] org.apache.coyote.AbstractProtocol.init Initializing ProtocolHandler ["http-nio-8080"]
21-Sep-2026 06:44:36.029 INFO [main] org.apache.catalina.startup.Catalina.load Server initialization in [1108] milliseconds
21-Sep-2026 06:44:36.113 INFO [main] org.apache.catalina.core.StandardService.startInternal Starting service [Catalina]
21-Sep-2026 06:44:36.113 INFO [main] org.apache.catalina.core.StandardEngine.startInternal Starting Servlet engine: [Apache Tomcat/10.1.59]
21-Sep-2026 06:44:36.134 INFO [main] org.apache.catalina.startup.HostConfig.deployDescriptor Deploying deployment descriptor [D:\NtiJavaTech\springMVC\mvcAnnottation\conf\Catalina\localhost\mvcAnnottation.xml]
21-Sep-2026 06:44:40.377 INFO [main] org.apache.jasper.servlet.TldScanner.scanJars At least one JAR was scanned for TLDs yet contained no TLDs. Enable debug logging for this logger for a complete list of JARs that were scanned but no TLDs were found in them. Skipping unneeded JARs during scanning can improve startup time and JSP compilation time.
21-Sep-2026 06:44:44.468 INFO [main] org.apache.catalina.startup.HostConfig.deployDescriptor Deployment of deployment descriptor [D:\NtiJavaTech\springMVC\mvcAnnottation\conf\Catalina\localhost\mvcAnnottation.xml] has finished in [8,334] ms
21-Sep-2026 06:44:44.475 INFO [main] org.apache.coyote.AbstractProtocol.start Starting ProtocolHandler ["http-nio-8080"]
21-Sep-2026 06:44:44.530 INFO [main] org.apache.catalina.startup.Catalina.start Server startup in [8501] milliseconds
21-Sep-2026 06:50:06.277 INFO [Thread-1] org.apache.coyote.AbstractProtocol.pause Pausing ProtocolHandler ["http-nio-8080"]
21-Sep-2026 06:50:06.308 INFO [Thread-1] org.apache.catalina.core.StandardService.stopInternal Stopping service [Catalina]
21-Sep-2026 06:50:06.404 INFO [Thread-1] org.apache.coyote.AbstractProtocol.stop Stopping ProtocolHandler ["http-nio-8080"]
21-Sep-2026 06:50:06.412 INFO [Thread-1] org.apache.coyote.AbstractProtocol.destroy Destroying ProtocolHandler ["http-nio-8080"]
21-Sep-2026 06:51:09.990 INFO [main] org.apache.catalina.startup.VersionLoggerListener.log Server version name:   Apache Tomcat/10.1.59
21-Sep-2026 06:51:09.999 INFO [main] org.apache.catalina.startup.VersionLoggerListener.log Server built:          Aug 13 2026 16:59:10 UTC
21-Sep-2026 06:51:10.000 INFO [main] org.apache.catalina.startup.VersionLoggerListener.log Server version number: 10.1.59.0
21-Sep-2026 06:51:10.000 INFO [main] org.apache.catalina.startup.VersionLoggerListener.log OS Name:               Windows 10
21-Sep-2026 06:51:10.000 INFO [main] org.apache.catalina.startup.VersionLoggerListener.log OS Version:            10.0
21-Sep-2026 06:51:10.000 INFO [main] org.apache.catalina.startup.VersionLoggerListener.log Architecture:          amd64
21-Sep-2026 06:51:10.001 INFO [main] org.apache.catalina.startup.VersionLoggerListener.log Java Home:             C:\Program Files\Java\jdk-17
21-Sep-2026 06:51:10.001 INFO [main] org.apache.catalina.startup.VersionLoggerListener.log JVM Version:           17.0.16+12-LTS-247
21-Sep-2026 06:51:10.001 INFO [main] org.apache.catalina.startup.VersionLoggerListener.log JVM Vendor:            Oracle Corporation
21-Sep-2026 06:51:10.002 INFO [main] org.apache.catalina.startup.VersionLoggerListener.log CATALINA_BASE:         D:\NtiJavaTech\springMVC\mvcAnnottation
21-Sep-2026 06:51:10.002 INFO [main] org.apache.catalina.startup.VersionLoggerListener.log CATALINA_HOME:         C:\Users\gamaleldeen\OneDrive\Documents\apache-tomcat-10.1.59
21-Sep-2026 06:51:10.037 INFO [main] org.apache.catalina.startup.VersionLoggerListener.log Command line argument: --add-opens=java.base/java.lang=ALL-UNNAMED
21-Sep-2026 06:51:10.037 INFO [main] org.apache.catalina.startup.VersionLoggerListener.log Command line argument: --add-opens=java.base/java.io=ALL-UNNAMED
21-Sep-2026 06:51:10.038 INFO [main] org.apache.catalina.startup.VersionLoggerListener.log Command line argument: --add-opens=java.base/java.util=ALL-UNNAMED
21-Sep-2026 06:51:10.038 INFO [main] org.apache.catalina.startup.VersionLoggerListener.log Command line argument: --add-opens=java.base/java.util.concurrent=ALL-UNNAMED
21-Sep-2026 06:51:10.038 INFO [main] org.apache.catalina.startup.VersionLoggerListener.log Command line argument: --add-opens=java.rmi/sun.rmi.transport=ALL-UNNAMED
21-Sep-2026 06:51:10.039 INFO [main] org.apache.catalina.startup.VersionLoggerListener.log Command line argument: -Dcatalina.home=C:\Users\gamaleldeen\OneDrive\Documents\apache-tomcat-10.1.59
21-Sep-2026 06:51:10.039 INFO [main] org.apache.catalina.startup.VersionLoggerListener.log Command line argument: -Dcatalina.base=D:\NtiJavaTech\springMVC\mvcAnnottation
21-Sep-2026 06:51:10.040 INFO [main] org.apache.catalina.startup.VersionLoggerListener.log Command line argument: -Djava.io.tmpdir=D:\NtiJavaTech\springMVC\mvcAnnottation\temp
21-Sep-2026 06:51:10.040 INFO [main] org.apache.catalina.startup.VersionLoggerListener.log Command line argument: -Djava.util.logging.config.file=D:\NtiJavaTech\springMVC\mvcAnnottation\conf\logging.properties
21-Sep-2026 06:51:10.041 INFO [main] org.apache.catalina.startup.VersionLoggerListener.log Command line argument: -Djava.util.logging.manager=org.apache.juli.ClassLoaderLogManager
21-Sep-2026 06:51:10.041 INFO [main] org.apache.catalina.startup.VersionLoggerListener.log Command line argument: -javaagent:C:\Program Files\JetBrains\IntelliJ IDEA Community Edition 2025.1.3\lib\idea_rt.jar=11369
21-Sep-2026 06:51:10.041 INFO [main] org.apache.catalina.startup.VersionLoggerListener.log Command line argument: -Dfile.encoding=UTF-8
21-Sep-2026 06:51:10.058 INFO [main] org.apache.catalina.core.AprLifecycleListener.lifecycleEvent Loaded Apache Tomcat Native library [2.0.15] using APR version [1.7.6].
21-Sep-2026 06:51:10.102 INFO [main] org.apache.catalina.core.AprLifecycleListener.initializeSSL OpenSSL successfully initialized [OpenSSL 3.5.7 9 Jun 2026]
21-Sep-2026 06:51:10.629 INFO [main] org.apache.coyote.AbstractProtocol.init Initializing ProtocolHandler ["http-nio-8080"]
21-Sep-2026 06:51:10.668 INFO [main] org.apache.catalina.startup.Catalina.load Server initialization in [1091] milliseconds
21-Sep-2026 06:51:10.784 INFO [main] org.apache.catalina.core.StandardService.startInternal Starting service [Catalina]
21-Sep-2026 06:51:10.785 INFO [main] org.apache.catalina.core.StandardEngine.startInternal Starting Servlet engine: [Apache Tomcat/10.1.59]
21-Sep-2026 06:51:10.810 INFO [main] org.apache.catalina.startup.HostConfig.deployDescriptor Deploying deployment descriptor [D:\NtiJavaTech\springMVC\mvcAnnottation\conf\Catalina\localhost\mvcAnnottation.xml]
21-Sep-2026 06:51:15.937 INFO [main] org.apache.jasper.servlet.TldScanner.scanJars At least one JAR was scanned for TLDs yet contained no TLDs. Enable debug logging for this logger for a complete list of JARs that were scanned but no TLDs were found in them. Skipping unneeded JARs during scanning can improve startup time and JSP compilation time.
21-Sep-2026 06:51:20.305 INFO [main] org.apache.catalina.startup.HostConfig.deployDescriptor Deployment of deployment descriptor [D:\NtiJavaTech\springMVC\mvcAnnottation\conf\Catalina\localhost\mvcAnnottation.xml] has finished in [9,493] ms
21-Sep-2026 06:51:20.385 INFO [main] org.apache.coyote.AbstractProtocol.start Starting ProtocolHandler ["http-nio-8080"]
21-Sep-2026 06:51:20.490 INFO [main] org.apache.catalina.startup.Catalina.start Server startup in [9822] milliseconds
21-Sep-2026 06:52:59.446 INFO [Thread-1] org.apache.coyote.AbstractProtocol.pause Pausing ProtocolHandler ["http-nio-8080"]
21-Sep-2026 06:52:59.469 INFO [Thread-1] org.apache.catalina.core.StandardService.stopInternal Stopping service [Catalina]
21-Sep-2026 06:52:59.510 INFO [Thread-1] org.apache.coyote.AbstractProtocol.stop Stopping ProtocolHandler ["http-nio-8080"]
21-Sep-2026 06:52:59.525 INFO [Thread-1] org.apache.coyote.AbstractProtocol.destroy Destroying ProtocolHandler ["http-nio-8080"]
21-Sep-2026 06:53:16.310 INFO [main] org.apache.catalina.startup.VersionLoggerListener.log Server version name:   Apache Tomcat/10.1.59
21-Sep-2026 06:53:16.318 INFO [main] org.apache.catalina.startup.VersionLoggerListener.log Server built:          Aug 13 2026 16:59:10 UTC
21-Sep-2026 06:53:16.318 INFO [main] org.apache.catalina.startup.VersionLoggerListener.log Server version number: 10.1.59.0
21-Sep-2026 06:53:16.318 INFO [main] org.apache.catalina.startup.VersionLoggerListener.log OS Name:               Windows 10
21-Sep-2026 06:53:16.318 INFO [main] org.apache.catalina.startup.VersionLoggerListener.log OS Version:            10.0
21-Sep-2026 06:53:16.319 INFO [main] org.apache.catalina.startup.VersionLoggerListener.log Architecture:          amd64
21-Sep-2026 06:53:16.319 INFO [main] org.apache.catalina.startup.VersionLoggerListener.log Java Home:             C:\Program Files\Java\jdk-17
21-Sep-2026 06:53:16.319 INFO [main] org.apache.catalina.startup.VersionLoggerListener.log JVM Version:           17.0.16+12-LTS-247
21-Sep-2026 06:53:16.319 INFO [main] org.apache.catalina.startup.VersionLoggerListener.log JVM Vendor:            Oracle Corporation
21-Sep-2026 06:53:16.319 INFO [main] org.apache.catalina.startup.VersionLoggerListener.log CATALINA_BASE:         D:\NtiJavaTech\springMVC\mvcAnnottation
21-Sep-2026 06:53:16.319 INFO [main] org.apache.catalina.startup.VersionLoggerListener.log CATALINA_HOME:         C:\Users\gamaleldeen\OneDrive\Documents\apache-tomcat-10.1.59
21-Sep-2026 06:53:16.339 INFO [main] org.apache.catalina.startup.VersionLoggerListener.log Command line argument: --add-opens=java.base/java.lang=ALL-UNNAMED
21-Sep-2026 06:53:16.339 INFO [main] org.apache.catalina.startup.VersionLoggerListener.log Command line argument: --add-opens=java.base/java.io=ALL-UNNAMED
21-Sep-2026 06:53:16.339 INFO [main] org.apache.catalina.startup.VersionLoggerListener.log Command line argument: --add-opens=java.base/java.util=ALL-UNNAMED
21-Sep-2026 06:53:16.340 INFO [main] org.apache.catalina.startup.VersionLoggerListener.log Command line argument: --add-opens=java.base/java.util.concurrent=ALL-UNNAMED
21-Sep-2026 06:53:16.340 INFO [main] org.apache.catalina.startup.VersionLoggerListener.log Command line argument: --add-opens=java.rmi/sun.rmi.transport=ALL-UNNAMED
21-Sep-2026 06:53:16.340 INFO [main] org.apache.catalina.startup.VersionLoggerListener.log Command line argument: -Dcatalina.home=C:\Users\gamaleldeen\OneDrive\Documents\apache-tomcat-10.1.59
21-Sep-2026 06:53:16.340 INFO [main] org.apache.catalina.startup.VersionLoggerListener.log Command line argument: -Dcatalina.base=D:\NtiJavaTech\springMVC\mvcAnnottation
21-Sep-2026 06:53:16.340 INFO [main] org.apache.catalina.startup.VersionLoggerListener.log Command line argument: -Djava.io.tmpdir=D:\NtiJavaTech\springMVC\mvcAnnottation\temp
21-Sep-2026 06:53:16.340 INFO [main] org.apache.catalina.startup.VersionLoggerListener.log Command line argument: -Djava.util.logging.config.file=D:\NtiJavaTech\springMVC\mvcAnnottation\conf\logging.properties
21-Sep-2026 06:53:16.342 INFO [main] org.apache.catalina.startup.VersionLoggerListener.log Command line argument: -Djava.util.logging.manager=org.apache.juli.ClassLoaderLogManager
21-Sep-2026 06:53:16.342 INFO [main] org.apache.catalina.startup.VersionLoggerListener.log Command line argument: -javaagent:C:\Program Files\JetBrains\IntelliJ IDEA Community Edition 2025.1.3\lib\idea_rt.jar=11405
21-Sep-2026 06:53:16.342 INFO [main] org.apache.catalina.startup.VersionLoggerListener.log Command line argument: -Dfile.encoding=UTF-8
21-Sep-2026 06:53:16.348 INFO [main] org.apache.catalina.core.AprLifecycleListener.lifecycleEvent Loaded Apache Tomcat Native library [2.0.15] using APR version [1.7.6].
21-Sep-2026 06:53:16.357 INFO [main] org.apache.catalina.core.AprLifecycleListener.initializeSSL OpenSSL successfully initialized [OpenSSL 3.5.7 9 Jun 2026]
21-Sep-2026 06:53:16.810 INFO [main] org.apache.coyote.AbstractProtocol.init Initializing ProtocolHandler ["http-nio-8080"]
21-Sep-2026 06:53:16.838 INFO [main] org.apache.catalina.startup.Catalina.load Server initialization in [902] milliseconds
21-Sep-2026 06:53:16.911 INFO [main] org.apache.catalina.core.StandardService.startInternal Starting service [Catalina]
21-Sep-2026 06:53:16.911 INFO [main] org.apache.catalina.core.StandardEngine.startInternal Starting Servlet engine: [Apache Tomcat/10.1.59]
21-Sep-2026 06:53:16.930 INFO [main] org.apache.catalina.startup.HostConfig.deployDescriptor Deploying deployment descriptor [D:\NtiJavaTech\springMVC\mvcAnnottation\conf\Catalina\localhost\mvcAnnottation.xml]
21-Sep-2026 06:53:20.677 INFO [main] org.apache.jasper.servlet.TldScanner.scanJars At least one JAR was scanned for TLDs yet contained no TLDs. Enable debug logging for this logger for a complete list of JARs that were scanned but no TLDs were found in them. Skipping unneeded JARs during scanning can improve startup time and JSP compilation time.
21-Sep-2026 06:53:24.260 INFO [main] org.apache.catalina.startup.HostConfig.deployDescriptor Deployment of deployment descriptor [D:\NtiJavaTech\springMVC\mvcAnnottation\conf\Catalina\localhost\mvcAnnottation.xml] has finished in [7,329] ms
21-Sep-2026 06:53:24.270 INFO [main] org.apache.coyote.AbstractProtocol.start Starting ProtocolHandler ["http-nio-8080"]
21-Sep-2026 06:53:24.325 INFO [main] org.apache.catalina.startup.Catalina.start Server startup in [7487] milliseconds
21-Sep-2026 06:54:08.552 INFO [Thread-1] org.apache.coyote.AbstractProtocol.pause Pausing ProtocolHandler ["http-nio-8080"]
21-Sep-2026 06:54:08.574 INFO [Thread-1] org.apache.catalina.core.StandardService.stopInternal Stopping service [Catalina]
21-Sep-2026 06:54:08.865 INFO [Thread-1] org.apache.coyote.AbstractProtocol.stop Stopping ProtocolHandler ["http-nio-8080"]
21-Sep-2026 06:54:08.917 INFO [Thread-1] org.apache.coyote.AbstractProtocol.destroy Destroying ProtocolHandler ["http-nio-8080"]
21-Sep-2026 10:48:43.548 INFO [main] org.apache.catalina.startup.VersionLoggerListener.log Server version name:   Apache Tomcat/10.1.59
21-Sep-2026 10:48:43.555 INFO [main] org.apache.catalina.startup.VersionLoggerListener.log Server built:          Aug 13 2026 16:59:10 UTC
21-Sep-2026 10:48:43.555 INFO [main] org.apache.catalina.startup.VersionLoggerListener.log Server version number: 10.1.59.0
21-Sep-2026 10:48:43.557 INFO [main] org.apache.catalina.startup.VersionLoggerListener.log OS Name:               Windows 10
21-Sep-2026 10:48:43.558 INFO [main] org.apache.catalina.startup.VersionLoggerListener.log OS Version:            10.0
21-Sep-2026 10:48:43.558 INFO [main] org.apache.catalina.startup.VersionLoggerListener.log Architecture:          amd64
21-Sep-2026 10:48:43.559 INFO [main] org.apache.catalina.startup.VersionLoggerListener.log Java Home:             C:\Program Files\Java\jdk-17
21-Sep-2026 10:48:43.559 INFO [main] org.apache.catalina.startup.VersionLoggerListener.log JVM Version:           17.0.16+12-LTS-247
21-Sep-2026 10:48:43.560 INFO [main] org.apache.catalina.startup.VersionLoggerListener.log JVM Vendor:            Oracle Corporation
21-Sep-2026 10:48:43.560 INFO [main] org.apache.catalina.startup.VersionLoggerListener.log CATALINA_BASE:         D:\NtiJavaTech\springMVC\mvcAnnottation
21-Sep-2026 10:48:43.561 INFO [main] org.apache.catalina.startup.VersionLoggerListener.log CATALINA_HOME:         C:\Users\gamaleldeen\OneDrive\Documents\apache-tomcat-10.1.59
21-Sep-2026 10:48:43.591 INFO [main] org.apache.catalina.startup.VersionLoggerListener.log Command line argument: --add-opens=java.base/java.lang=ALL-UNNAMED
21-Sep-2026 10:48:43.591 INFO [main] org.apache.catalina.startup.VersionLoggerListener.log Command line argument: --add-opens=java.base/java.io=ALL-UNNAMED
21-Sep-2026 10:48:43.591 INFO [main] org.apache.catalina.startup.VersionLoggerListener.log Command line argument: --add-opens=java.base/java.util=ALL-UNNAMED
21-Sep-2026 10:48:43.592 INFO [main] org.apache.catalina.startup.VersionLoggerListener.log Command line argument: --add-opens=java.base/java.util.concurrent=ALL-UNNAMED
21-Sep-2026 10:48:43.592 INFO [main] org.apache.catalina.startup.VersionLoggerListener.log Command line argument: --add-opens=java.rmi/sun.rmi.transport=ALL-UNNAMED
21-Sep-2026 10:48:43.593 INFO [main] org.apache.catalina.startup.VersionLoggerListener.log Command line argument: -Dcatalina.home=C:\Users\gamaleldeen\OneDrive\Documents\apache-tomcat-10.1.59
21-Sep-2026 10:48:43.594 INFO [main] org.apache.catalina.startup.VersionLoggerListener.log Command line argument: -Dcatalina.base=D:\NtiJavaTech\springMVC\mvcAnnottation
21-Sep-2026 10:48:43.594 INFO [main] org.apache.catalina.startup.VersionLoggerListener.log Command line argument: -Djava.io.tmpdir=D:\NtiJavaTech\springMVC\mvcAnnottation\temp
21-Sep-2026 10:48:43.594 INFO [main] org.apache.catalina.startup.VersionLoggerListener.log Command line argument: -Djava.util.logging.config.file=D:\NtiJavaTech\springMVC\mvcAnnottation\conf\logging.properties
21-Sep-2026 10:48:43.594 INFO [main] org.apache.catalina.startup.VersionLoggerListener.log Command line argument: -Djava.util.logging.manager=org.apache.juli.ClassLoaderLogManager
21-Sep-2026 10:48:43.594 INFO [main] org.apache.catalina.startup.VersionLoggerListener.log Command line argument: -javaagent:C:\Program Files\JetBrains\IntelliJ IDEA Community Edition 2025.1.3\lib\idea_rt.jar=13757
21-Sep-2026 10:48:43.597 INFO [main] org.apache.catalina.startup.VersionLoggerListener.log Command line argument: -Dfile.encoding=UTF-8
21-Sep-2026 10:48:43.618 INFO [main] org.apache.catalina.core.AprLifecycleListener.lifecycleEvent Loaded Apache Tomcat Native library [2.0.15] using APR version [1.7.6].
21-Sep-2026 10:48:43.659 INFO [main] org.apache.catalina.core.AprLifecycleListener.initializeSSL OpenSSL successfully initialized [OpenSSL 3.5.7 9 Jun 2026]
21-Sep-2026 10:48:44.211 INFO [main] org.apache.coyote.AbstractProtocol.init Initializing ProtocolHandler ["http-nio-8080"]
21-Sep-2026 10:48:44.251 INFO [main] org.apache.catalina.startup.Catalina.load Server initialization in [1115] milliseconds
21-Sep-2026 10:48:44.334 INFO [main] org.apache.catalina.core.StandardService.startInternal Starting service [Catalina]
21-Sep-2026 10:48:44.335 INFO [main] org.apache.catalina.core.StandardEngine.startInternal Starting Servlet engine: [Apache Tomcat/10.1.59]
21-Sep-2026 10:48:44.356 INFO [main] org.apache.catalina.startup.HostConfig.deployDescriptor Deploying deployment descriptor [D:\NtiJavaTech\springMVC\mvcAnnottation\conf\Catalina\localhost\mvcAnnottation.xml]
21-Sep-2026 10:48:48.386 INFO [main] org.apache.jasper.servlet.TldScanner.scanJars At least one JAR was scanned for TLDs yet contained no TLDs. Enable debug logging for this logger for a complete list of JARs that were scanned but no TLDs were found in them. Skipping unneeded JARs during scanning can improve startup time and JSP compilation time.
21-Sep-2026 10:48:52.427 INFO [main] org.apache.catalina.startup.HostConfig.deployDescriptor Deployment of deployment descriptor [D:\NtiJavaTech\springMVC\mvcAnnottation\conf\Catalina\localhost\mvcAnnottation.xml] has finished in [8,070] ms
21-Sep-2026 10:48:52.440 INFO [main] org.apache.coyote.AbstractProtocol.start Starting ProtocolHandler ["http-nio-8080"]
21-Sep-2026 10:48:52.544 INFO [main] org.apache.catalina.startup.Catalina.start Server startup in [8291] milliseconds
21-Sep-2026 11:22:37.331 INFO [Thread-1] org.apache.coyote.AbstractProtocol.pause Pausing ProtocolHandler ["http-nio-8080"]
21-Sep-2026 11:22:37.635 INFO [Thread-1] org.apache.catalina.core.StandardService.stopInternal Stopping service [Catalina]
21-Sep-2026 11:22:38.170 INFO [Thread-1] org.apache.coyote.AbstractProtocol.stop Stopping ProtocolHandler ["http-nio-8080"]
21-Sep-2026 11:22:38.219 INFO [Thread-1] org.apache.coyote.AbstractProtocol.destroy Destroying ProtocolHandler ["http-nio-8080"]
21-Sep-2026 12:29:25.306 INFO [main] org.apache.catalina.startup.VersionLoggerListener.log Server version name:   Apache Tomcat/10.1.59
21-Sep-2026 12:29:25.315 INFO [main] org.apache.catalina.startup.VersionLoggerListener.log Server built:          Aug 13 2026 16:59:10 UTC
21-Sep-2026 12:29:25.316 INFO [main] org.apache.catalina.startup.VersionLoggerListener.log Server version number: 10.1.59.0
21-Sep-2026 12:29:25.316 INFO [main] org.apache.catalina.startup.VersionLoggerListener.log OS Name:               Windows 10
21-Sep-2026 12:29:25.317 INFO [main] org.apache.catalina.startup.VersionLoggerListener.log OS Version:            10.0
21-Sep-2026 12:29:25.317 INFO [main] org.apache.catalina.startup.VersionLoggerListener.log Architecture:          amd64
21-Sep-2026 12:29:25.317 INFO [main] org.apache.catalina.startup.VersionLoggerListener.log Java Home:             C:\Program Files\Java\jdk-17
21-Sep-2026 12:29:25.317 INFO [main] org.apache.catalina.startup.VersionLoggerListener.log JVM Version:           17.0.16+12-LTS-247
21-Sep-2026 12:29:25.317 INFO [main] org.apache.catalina.startup.VersionLoggerListener.log JVM Vendor:            Oracle Corporation
21-Sep-2026 12:29:25.317 INFO [main] org.apache.catalina.startup.VersionLoggerListener.log CATALINA_BASE:         D:\NtiJavaTech\springMVC\mvcAnnottation
21-Sep-2026 12:29:25.318 INFO [main] org.apache.catalina.startup.VersionLoggerListener.log CATALINA_HOME:         C:\Users\gamaleldeen\OneDrive\Documents\apache-tomcat-10.1.59
21-Sep-2026 12:29:25.353 INFO [main] org.apache.catalina.startup.VersionLoggerListener.log Command line argument: --add-opens=java.base/java.lang=ALL-UNNAMED
21-Sep-2026 12:29:25.354 INFO [main] org.apache.catalina.startup.VersionLoggerListener.log Command line argument: --add-opens=java.base/java.io=ALL-UNNAMED
21-Sep-2026 12:29:25.354 INFO [main] org.apache.catalina.startup.VersionLoggerListener.log Command line argument: --add-opens=java.base/java.util=ALL-UNNAMED
21-Sep-2026 12:29:25.354 INFO [main] org.apache.catalina.startup.VersionLoggerListener.log Command line argument: --add-opens=java.base/java.util.concurrent=ALL-UNNAMED
21-Sep-2026 12:29:25.354 INFO [main] org.apache.catalina.startup.VersionLoggerListener.log Command line argument: --add-opens=java.rmi/sun.rmi.transport=ALL-UNNAMED
21-Sep-2026 12:29:25.354 INFO [main] org.apache.catalina.startup.VersionLoggerListener.log Command line argument: -Dcatalina.home=C:\Users\gamaleldeen\OneDrive\Documents\apache-tomcat-10.1.59
21-Sep-2026 12:29:25.354 INFO [main] org.apache.catalina.startup.VersionLoggerListener.log Command line argument: -Dcatalina.base=D:\NtiJavaTech\springMVC\mvcAnnottation
21-Sep-2026 12:29:25.355 INFO [main] org.apache.catalina.startup.VersionLoggerListener.log Command line argument: -Djava.io.tmpdir=D:\NtiJavaTech\springMVC\mvcAnnottation\temp
21-Sep-2026 12:29:25.355 INFO [main] org.apache.catalina.startup.VersionLoggerListener.log Command line argument: -Djava.util.logging.config.file=D:\NtiJavaTech\springMVC\mvcAnnottation\conf\logging.properties
21-Sep-2026 12:29:25.355 INFO [main] org.apache.catalina.startup.VersionLoggerListener.log Command line argument: -Djava.util.logging.manager=org.apache.juli.ClassLoaderLogManager
21-Sep-2026 12:29:25.355 INFO [main] org.apache.catalina.startup.VersionLoggerListener.log Command line argument: -javaagent:C:\Program Files\JetBrains\IntelliJ IDEA Community Edition 2025.1.3\lib\idea_rt.jar=2871
21-Sep-2026 12:29:25.355 INFO [main] org.apache.catalina.startup.VersionLoggerListener.log Command line argument: -Dfile.encoding=UTF-8
21-Sep-2026 12:29:25.372 INFO [main] org.apache.catalina.core.AprLifecycleListener.lifecycleEvent Loaded Apache Tomcat Native library [2.0.15] using APR version [1.7.6].
21-Sep-2026 12:29:25.412 INFO [main] org.apache.catalina.core.AprLifecycleListener.initializeSSL OpenSSL successfully initialized [OpenSSL 3.5.7 9 Jun 2026]
21-Sep-2026 12:29:25.897 INFO [main] org.apache.coyote.AbstractProtocol.init Initializing ProtocolHandler ["http-nio-8080"]
21-Sep-2026 12:29:25.927 INFO [main] org.apache.catalina.startup.Catalina.load Server initialization in [1008] milliseconds
21-Sep-2026 12:29:26.009 INFO [main] org.apache.catalina.core.StandardService.startInternal Starting service [Catalina]
21-Sep-2026 12:29:26.009 INFO [main] org.apache.catalina.core.StandardEngine.startInternal Starting Servlet engine: [Apache Tomcat/10.1.59]
21-Sep-2026 12:29:26.032 INFO [main] org.apache.catalina.startup.HostConfig.deployDescriptor Deploying deployment descriptor [D:\NtiJavaTech\springMVC\mvcAnnottation\conf\Catalina\localhost\mvcAnnottation.xml]
21-Sep-2026 12:29:30.190 INFO [main] org.apache.jasper.servlet.TldScanner.scanJars At least one JAR was scanned for TLDs yet contained no TLDs. Enable debug logging for this logger for a complete list of JARs that were scanned but no TLDs were found in them. Skipping unneeded JARs during scanning can improve startup time and JSP compilation time.
21-Sep-2026 12:29:34.084 INFO [main] org.apache.catalina.startup.HostConfig.deployDescriptor Deployment of deployment descriptor [D:\NtiJavaTech\springMVC\mvcAnnottation\conf\Catalina\localhost\mvcAnnottation.xml] has finished in [8,053] ms
21-Sep-2026 12:29:34.091 INFO [main] org.apache.coyote.AbstractProtocol.start Starting ProtocolHandler ["http-nio-8080"]
21-Sep-2026 12:29:34.138 INFO [main] org.apache.catalina.startup.Catalina.start Server startup in [8210] milliseconds
21-Sep-2026 12:34:06.455 INFO [Thread-1] org.apache.coyote.AbstractProtocol.pause Pausing ProtocolHandler ["http-nio-8080"]
21-Sep-2026 12:34:06.628 INFO [Thread-1] org.apache.catalina.core.StandardService.stopInternal Stopping service [Catalina]
21-Sep-2026 12:34:06.714 INFO [Thread-1] org.apache.coyote.AbstractProtocol.stop Stopping ProtocolHandler ["http-nio-8080"]
21-Sep-2026 12:34:06.726 INFO [Thread-1] org.apache.coyote.AbstractProtocol.destroy Destroying ProtocolHandler ["http-nio-8080"]
21-Sep-2026 12:34:36.358 INFO [main] org.apache.catalina.startup.VersionLoggerListener.log Server version name:   Apache Tomcat/10.1.59
21-Sep-2026 12:34:36.366 INFO [main] org.apache.catalina.startup.VersionLoggerListener.log Server built:          Aug 13 2026 16:59:10 UTC
21-Sep-2026 12:34:36.367 INFO [main] org.apache.catalina.startup.VersionLoggerListener.log Server version number: 10.1.59.0
21-Sep-2026 12:34:36.367 INFO [main] org.apache.catalina.startup.VersionLoggerListener.log OS Name:               Windows 10
21-Sep-2026 12:34:36.367 INFO [main] org.apache.catalina.startup.VersionLoggerListener.log OS Version:            10.0
21-Sep-2026 12:34:36.367 INFO [main] org.apache.catalina.startup.VersionLoggerListener.log Architecture:          amd64
21-Sep-2026 12:34:36.367 INFO [main] org.apache.catalina.startup.VersionLoggerListener.log Java Home:             C:\Program Files\Java\jdk-17
21-Sep-2026 12:34:36.367 INFO [main] org.apache.catalina.startup.VersionLoggerListener.log JVM Version:           17.0.16+12-LTS-247
21-Sep-2026 12:34:36.368 INFO [main] org.apache.catalina.startup.VersionLoggerListener.log JVM Vendor:            Oracle Corporation
21-Sep-2026 12:34:36.368 INFO [main] org.apache.catalina.startup.VersionLoggerListener.log CATALINA_BASE:         D:\NtiJavaTech\springMVC\mvcAnnottation
21-Sep-2026 12:34:36.369 INFO [main] org.apache.catalina.startup.VersionLoggerListener.log CATALINA_HOME:         C:\Users\gamaleldeen\OneDrive\Documents\apache-tomcat-10.1.59
21-Sep-2026 12:34:36.399 INFO [main] org.apache.catalina.startup.VersionLoggerListener.log Command line argument: --add-opens=java.base/java.lang=ALL-UNNAMED
21-Sep-2026 12:34:36.400 INFO [main] org.apache.catalina.startup.VersionLoggerListener.log Command line argument: --add-opens=java.base/java.io=ALL-UNNAMED
21-Sep-2026 12:34:36.401 INFO [main] org.apache.catalina.startup.VersionLoggerListener.log Command line argument: --add-opens=java.base/java.util=ALL-UNNAMED
21-Sep-2026 12:34:36.401 INFO [main] org.apache.catalina.startup.VersionLoggerListener.log Command line argument: --add-opens=java.base/java.util.concurrent=ALL-UNNAMED
21-Sep-2026 12:34:36.401 INFO [main] org.apache.catalina.startup.VersionLoggerListener.log Command line argument: --add-opens=java.rmi/sun.rmi.transport=ALL-UNNAMED
21-Sep-2026 12:34:36.402 INFO [main] org.apache.catalina.startup.VersionLoggerListener.log Command line argument: -Dcatalina.home=C:\Users\gamaleldeen\OneDrive\Documents\apache-tomcat-10.1.59
21-Sep-2026 12:34:36.402 INFO [main] org.apache.catalina.startup.VersionLoggerListener.log Command line argument: -Dcatalina.base=D:\NtiJavaTech\springMVC\mvcAnnottation
21-Sep-2026 12:34:36.402 INFO [main] org.apache.catalina.startup.VersionLoggerListener.log Command line argument: -Djava.io.tmpdir=D:\NtiJavaTech\springMVC\mvcAnnottation\temp
21-Sep-2026 12:34:36.403 INFO [main] org.apache.catalina.startup.VersionLoggerListener.log Command line argument: -Djava.util.logging.config.file=D:\NtiJavaTech\springMVC\mvcAnnottation\conf\logging.properties
21-Sep-2026 12:34:36.403 INFO [main] org.apache.catalina.startup.VersionLoggerListener.log Command line argument: -Djava.util.logging.manager=org.apache.juli.ClassLoaderLogManager
21-Sep-2026 12:34:36.403 INFO [main] org.apache.catalina.startup.VersionLoggerListener.log Command line argument: -javaagent:C:\Program Files\JetBrains\IntelliJ IDEA Community Edition 2025.1.3\lib\idea_rt.jar=3073
21-Sep-2026 12:34:36.403 INFO [main] org.apache.catalina.startup.VersionLoggerListener.log Command line argument: -Dfile.encoding=UTF-8
21-Sep-2026 12:34:36.410 INFO [main] org.apache.catalina.core.AprLifecycleListener.lifecycleEvent Loaded Apache Tomcat Native library [2.0.15] using APR version [1.7.6].
21-Sep-2026 12:34:36.418 INFO [main] org.apache.catalina.core.AprLifecycleListener.initializeSSL OpenSSL successfully initialized [OpenSSL 3.5.7 9 Jun 2026]
21-Sep-2026 12:34:36.885 INFO [main] org.apache.coyote.AbstractProtocol.init Initializing ProtocolHandler ["http-nio-8080"]
21-Sep-2026 12:34:36.915 INFO [main] org.apache.catalina.startup.Catalina.load Server initialization in [896] milliseconds
21-Sep-2026 12:34:36.992 INFO [main] org.apache.catalina.core.StandardService.startInternal Starting service [Catalina]
21-Sep-2026 12:34:36.992 INFO [main] org.apache.catalina.core.StandardEngine.startInternal Starting Servlet engine: [Apache Tomcat/10.1.59]
21-Sep-2026 12:34:37.009 INFO [main] org.apache.catalina.startup.HostConfig.deployDescriptor Deploying deployment descriptor [D:\NtiJavaTech\springMVC\mvcAnnottation\conf\Catalina\localhost\mvcAnnottation.xml]
21-Sep-2026 12:34:41.181 INFO [main] org.apache.jasper.servlet.TldScanner.scanJars At least one JAR was scanned for TLDs yet contained no TLDs. Enable debug logging for this logger for a complete list of JARs that were scanned but no TLDs were found in them. Skipping unneeded JARs during scanning can improve startup time and JSP compilation time.
21-Sep-2026 12:34:45.128 INFO [main] org.apache.catalina.startup.HostConfig.deployDescriptor Deployment of deployment descriptor [D:\NtiJavaTech\springMVC\mvcAnnottation\conf\Catalina\localhost\mvcAnnottation.xml] has finished in [8,119] ms
21-Sep-2026 12:34:45.136 INFO [main] org.apache.coyote.AbstractProtocol.start Starting ProtocolHandler ["http-nio-8080"]
21-Sep-2026 12:34:45.193 INFO [main] org.apache.catalina.startup.Catalina.start Server startup in [8276] milliseconds
21-Sep-2026 12:45:15.400 INFO [Thread-1] org.apache.coyote.AbstractProtocol.pause Pausing ProtocolHandler ["http-nio-8080"]
21-Sep-2026 12:45:15.614 INFO [Thread-1] org.apache.catalina.core.StandardService.stopInternal Stopping service [Catalina]
21-Sep-2026 12:45:15.847 INFO [Thread-1] org.apache.coyote.AbstractProtocol.stop Stopping ProtocolHandler ["http-nio-8080"]
21-Sep-2026 12:45:15.877 INFO [Thread-1] org.apache.coyote.AbstractProtocol.destroy Destroying ProtocolHandler ["http-nio-8080"]
21-Sep-2026 12:45:47.466 INFO [main] org.apache.catalina.startup.VersionLoggerListener.log Server version name:   Apache Tomcat/10.1.59
21-Sep-2026 12:45:47.478 INFO [main] org.apache.catalina.startup.VersionLoggerListener.log Server built:          Aug 13 2026 16:59:10 UTC
21-Sep-2026 12:45:47.478 INFO [main] org.apache.catalina.startup.VersionLoggerListener.log Server version number: 10.1.59.0
21-Sep-2026 12:45:47.478 INFO [main] org.apache.catalina.startup.VersionLoggerListener.log OS Name:               Windows 10
21-Sep-2026 12:45:47.478 INFO [main] org.apache.catalina.startup.VersionLoggerListener.log OS Version:            10.0
21-Sep-2026 12:45:47.479 INFO [main] org.apache.catalina.startup.VersionLoggerListener.log Architecture:          amd64
21-Sep-2026 12:45:47.479 INFO [main] org.apache.catalina.startup.VersionLoggerListener.log Java Home:             C:\Program Files\Java\jdk-17
21-Sep-2026 12:45:47.479 INFO [main] org.apache.catalina.startup.VersionLoggerListener.log JVM Version:           17.0.16+12-LTS-247
21-Sep-2026 12:45:47.479 INFO [main] org.apache.catalina.startup.VersionLoggerListener.log JVM Vendor:            Oracle Corporation
21-Sep-2026 12:45:47.479 INFO [main] org.apache.catalina.startup.VersionLoggerListener.log CATALINA_BASE:         D:\NtiJavaTech\springMVC\mvcAnnottation
21-Sep-2026 12:45:47.479 INFO [main] org.apache.catalina.startup.VersionLoggerListener.log CATALINA_HOME:         C:\Users\gamaleldeen\OneDrive\Documents\apache-tomcat-10.1.59
21-Sep-2026 12:45:47.509 INFO [main] org.apache.catalina.startup.VersionLoggerListener.log Command line argument: --add-opens=java.base/java.lang=ALL-UNNAMED
21-Sep-2026 12:45:47.509 INFO [main] org.apache.catalina.startup.VersionLoggerListener.log Command line argument: --add-opens=java.base/java.io=ALL-UNNAMED
21-Sep-2026 12:45:47.510 INFO [main] org.apache.catalina.startup.VersionLoggerListener.log Command line argument: --add-opens=java.base/java.util=ALL-UNNAMED
21-Sep-2026 12:45:47.510 INFO [main] org.apache.catalina.startup.VersionLoggerListener.log Command line argument: --add-opens=java.base/java.util.concurrent=ALL-UNNAMED
21-Sep-2026 12:45:47.510 INFO [main] org.apache.catalina.startup.VersionLoggerListener.log Command line argument: --add-opens=java.rmi/sun.rmi.transport=ALL-UNNAMED
21-Sep-2026 12:45:47.510 INFO [main] org.apache.catalina.startup.VersionLoggerListener.log Command line argument: -Dcatalina.home=C:\Users\gamaleldeen\OneDrive\Documents\apache-tomcat-10.1.59
21-Sep-2026 12:45:47.510 INFO [main] org.apache.catalina.startup.VersionLoggerListener.log Command line argument: -Dcatalina.base=D:\NtiJavaTech\springMVC\mvcAnnottation
21-Sep-2026 12:45:47.510 INFO [main] org.apache.catalina.startup.VersionLoggerListener.log Command line argument: -Djava.io.tmpdir=D:\NtiJavaTech\springMVC\mvcAnnottation\temp
21-Sep-2026 12:45:47.511 INFO [main] org.apache.catalina.startup.VersionLoggerListener.log Command line argument: -Djava.util.logging.config.file=D:\NtiJavaTech\springMVC\mvcAnnottation\conf\logging.properties
21-Sep-2026 12:45:47.511 INFO [main] org.apache.catalina.startup.VersionLoggerListener.log Command line argument: -Djava.util.logging.manager=org.apache.juli.ClassLoaderLogManager
21-Sep-2026 12:45:47.511 INFO [main] org.apache.catalina.startup.VersionLoggerListener.log Command line argument: -javaagent:C:\Program Files\JetBrains\IntelliJ IDEA Community Edition 2025.1.3\lib\idea_rt.jar=3433
21-Sep-2026 12:45:47.511 INFO [main] org.apache.catalina.startup.VersionLoggerListener.log Command line argument: -Dfile.encoding=UTF-8
21-Sep-2026 12:45:47.518 INFO [main] org.apache.catalina.core.AprLifecycleListener.lifecycleEvent Loaded Apache Tomcat Native library [2.0.15] using APR version [1.7.6].
21-Sep-2026 12:45:47.535 INFO [main] org.apache.catalina.core.AprLifecycleListener.initializeSSL OpenSSL successfully initialized [OpenSSL 3.5.7 9 Jun 2026]
21-Sep-2026 12:45:48.019 INFO [main] org.apache.coyote.AbstractProtocol.init Initializing ProtocolHandler ["http-nio-8080"]
21-Sep-2026 12:45:48.060 INFO [main] org.apache.catalina.startup.Catalina.load Server initialization in [1002] milliseconds
21-Sep-2026 12:45:48.144 INFO [main] org.apache.catalina.core.StandardService.startInternal Starting service [Catalina]
21-Sep-2026 12:45:48.144 INFO [main] org.apache.catalina.core.StandardEngine.startInternal Starting Servlet engine: [Apache Tomcat/10.1.59]
21-Sep-2026 12:45:48.162 INFO [main] org.apache.catalina.startup.HostConfig.deployDescriptor Deploying deployment descriptor [D:\NtiJavaTech\springMVC\mvcAnnottation\conf\Catalina\localhost\mvcAnnottation.xml]
21-Sep-2026 12:45:53.091 INFO [main] org.apache.jasper.servlet.TldScanner.scanJars At least one JAR was scanned for TLDs yet contained no TLDs. Enable debug logging for this logger for a complete list of JARs that were scanned but no TLDs were found in them. Skipping unneeded JARs during scanning can improve startup time and JSP compilation time.
21-Sep-2026 12:45:59.748 INFO [main] org.apache.catalina.startup.HostConfig.deployDescriptor Deployment of deployment descriptor [D:\NtiJavaTech\springMVC\mvcAnnottation\conf\Catalina\localhost\mvcAnnottation.xml] has finished in [11,584] ms
21-Sep-2026 12:45:59.754 INFO [main] org.apache.coyote.AbstractProtocol.start Starting ProtocolHandler ["http-nio-8080"]
21-Sep-2026 12:45:59.825 INFO [main] org.apache.catalina.startup.Catalina.start Server startup in [11764] milliseconds
